id;perfect_garnishes_id
1;5
1;4
1;3
6;8
6;9
10;14
10;15
16;21
16;15
16;18
16;3
16;19
16;20
22;15
22;25
22;26
27;25
28;25
29;32
29;34
29;35
29;36
29;9
29;3
29;33
40;15
40;18
41;35
41;18
41;44
41;19
41;33
45;21
45;18
46;18
47;34
47;48
49;34
49;48
52;18
53;55
53;18
56;57
58;61
58;55
58;59
58;3
58;60
62;64
62;4
62;33
65;21
65;4
65;66
67;34
67;3
68;25
69;25
70;25
71;55
71;4
71;25
71;3
73;25
74;77
74;75
74;78
74;76
82;18
84;18
85;18
87;5
87;15
87;18
87;9
88;55
90;18
92;18
92;26
94;246
95;98
95;55
95;4
95;36
99;32
99;48
99;66
99;33
103;105
103;21
103;106
103;35
103;55
107;55
107;25
107;60
107;109
107;110
111;55
111;4
111;25
112;25
113;15
113;55
113;18
116;25
117;21
117;4
119;48
119;33
120;121
120;4
120;60
120;20
122;34
122;35
122;4
122;124
122;3
125;18
126;36
126;127
129;105
129;15
132;34
132;3
133;5
133;15
133;18
134;25
136;34
136;137
136;55
138;15
138;18
139;3
142;15
142;20
145;146
145;55
147;148
147;4
149;150
149;4
151;4
152;153
152;4
152;26
152;66
154;159
154;14
154;61
154;158
154;4
154;160
154;161
154;19
163;25
164;8
164;35
164;165
166;25
167;25
168;25
169;25
170;25
171;25
173;25
174;25
176;109
178;26
179;25
180;21
180;55
180;4
183;184
183;4
183;3
183;185
186;9
194;25
196;35
196;15
196;18
196;3
196;198
199;200
199;20
201;35
201;55
201;144
202;158
202;55
203;35
203;55
203;204
203;60
205;55
205;18
205;25
205;26
206;55
206;9
206;26
206;19
211;57
213;25
215;216
217;5
217;35
217;59
217;18
218;5
218;35
218;59
218;18
219;221
219;55
219;25
222;225
222;9
222;224
226;15
226;25
227;25
227;26
228;18
228;185
229;66
232;18
235;25
236;25
237;15
239;57
239;26
239;19
241;158
242;25
244;246
244;15
247;18
248;15
250;137
250;55
251;18
252;15
256;25
257;98
257;15
258;98
258;158
258;55
258;33
259;35
259;4
259;19
261;18
262;18
263;25
264;15
264;18
265;44
266;185
266;267
269;35
270;18
271;26
274;35
274;55
274;3
276;55
276;160
278;18
279;18
282;5
282;35
283;14
285;15
285;25
285;3
287;159
287;165
289;18
292;3
292;109
293;18
294;15
294;18
294;9
294;66
295;159
295;246
295;14
295;26
296;221
297;159
297;105
297;33
298;4
298;66
301;302
303;25
304;25
305;25
306;25
307;25
308;25
309;25
310;25
311;25
312;25
313;25
314;25
315;25
316;25
317;25
318;15
318;4
318;3
319;34
319;35
319;18
319;48
319;3
321;324
321;55
321;18
321;3
325;18
325;9
325;3
326;55
327;55
328;5
329;15
329;26
335;159
335;15
336;25
337;25
338;25
339;25
340;5
345;25
348;18
348;66
349;15
349;18
352;137
352;55
353;4
353;144
354;105
354;137
354;3
356;21
356;225
356;61
356;35
356;25
356;3
360;18
362;159
363;25
364;159
364;365
364;35
364;184
364;302
366;57
366;121
366;98
366;55
366;9
366;3
366;33
367;25
368;15
369;15
369;18
370;19
371;373
371;15
371;344
374;57
375;373
375;376
381;14
381;44
381;144
382;385
382;5
382;419
382;55
382;109
386;18
386;26
387;57
387;21
387;35
387;9
387;388
387;3
389;57
389;121
389;61
389;44
389;33
390;18
391;18
392;18
393;35
393;15
393;9
395;34
395;3
396;5
396;397
396;15
398;334
398;26
399;18
400;159
400;55
401;15
401;18
401;26
402;15
403;15
403;26
405;105
405;15
405;406
407;57
407;34
407;408
409;55
410;15
411;15
411;18
412;159
412;105
412;225
412;19
413;57
413;14
413;5
413;9
413;127
414;25
415;18
416;137
416;419
416;18
416;9
416;3
420;57
420;35
420;55
420;18
421;21
421;137
421;8
421;55
421;343
421;26
423;3
423;425
426;4005
426;15
426;18
426;19
426;185
426;425
427;18
429;121
429;246
429;221
429;109
430;137
430;8
430;3
430;216
432;25
433;18
433;9
436;33
436;110
440;18
441;4
441;26
442;57
442;34
443;5
444;121
444;4
445;159
445;105
445;8
445;55
445;9
445;3
445;127
447;121
447;35
447;15
447;18
447;4
447;26
447;66
448;3
449;106
449;26
450;204
450;160
452;98
452;26
454;14
454;748
454;26
456;406
456;343
456;19
457;25
458;459
458;5
458;35
458;15
458;18
460;105
460;8
460;15
460;18
460;9
460;3
460;20
461;105
461;8
461;35
461;221
461;18
461;9
461;33
462;221
462;18
463;105
463;8
463;35
463;221
463;18
463;9
463;33
467;15
467;9
469;25
470;25
471;25
472;25
474;55
474;20
475;5
475;4
475;44
476;35
477;98
477;15
477;18
478;64
478;18
480;158
480;15
481;15
481;18
483;15
483;18
484;459
484;485
484;15
484;55
484;4
484;19
486;459
486;485
486;15
486;55
486;4
486;19
487;485
487;21
487;4
487;343
487;26
487;20
488;25
489;14
489;15
491;59
491;18
491;26
491;204
492;165
494;14
494;18
495;14
495;18
496;25
497;18
500;14
500;55
500;59
500;26
500;3
502;158
502;3
502;44
502;20
502;453
503;25
504;25
505;25
508;8
508;18
509;8
509;18
510;15
510;9
511;14
511;15
513;34
513;137
513;35
513;4
515;98
515;9
516;15
517;5
518;5
518;18
519;15
519;55
520;26
520;3
522;5
522;25
522;19
524;18
525;55
526;246
526;34
526;98
526;36
526;3
526;66
526;527
528;529
530;55
530;26
530;33
530;529
531;3
532;529
533;137
533;35
533;15
533;55
533;18
533;343
533;26
535;159
535;15
535;55
535;18
536;35
536;4
536;3
537;165
537;20
538;159
538;105
538;35
539;159
539;35
541;14
541;9
542;105
542;334
542;34
542;5
542;59
542;543
542;60
542;109
544;59
544;36
546;15
546;18
547;25
548;3
549;8
549;5
549;3
550;5
550;26
550;3
550;19
551;18
552;57
552;34
553;221
553;55
554;3
554;20
555;5
555;9
555;556
557;5
557;35
557;9
557;527
557;33
558;334
558;9
558;3
558;66
560;35
560;4
560;453
561;59
561;124
561;562
563;159
563;105
563;55
563;25
564;14
565;158
565;419
565;18
565;19
566;419
566;26
567;15
567;18
567;4
567;26
568;35
568;55
568;18
568;3
569;35
569;15
569;26
569;3
570;25
571;121
571;246
571;3
572;61
572;3
573;35
573;55
573;3
573;109
575;9
576;57
577;25
578;25
579;25
579;580
584;15
584;19
585;25
587;25
588;25
590;57
592;57
592;35
592;158
595;18
595;25
596;18
596;9
598;5
599;18
601;18
602;5
603;25
604;5
605;26
606;18
608;25
609;25
610;15
616;21
616;34
616;5
616;18
618;4
618;9
618;25
618;3
618;33
620;14
621;15
623;18
626;25
627;55
628;34
628;137
628;165
628;343
628;9
628;25
628;26
629;5
629;18
629;4
629;25
631;26
632;121
632;5
632;98
632;3
632;66
633;15
634;15
634;25
635;26
637;15
637;25
638;15
639;18
639;26
640;18
640;26
641;137
641;8
641;35
641;55
645;3
645;66
646;137
646;5
646;15
646;3
646;66
646;33
647;4
647;3
647;19
648;21
648;15
648;221
648;18
648;33
649;18
650;8
650;55
650;18
651;34
651;221
651;18
651;9
651;26
652;3951
652;18
657;18
657;26
663;66
663;33
664;14
664;15
664;25
664;20
667;21
667;137
667;3
668;121
668;55
668;48
668;3
668;144
669;18
670;406
670;109
671;18
672;25
673;25
674;25
675;25
676;25
677;25
678;25
679;25
680;25
681;15
683;26
684;15
685;15
686;15
687;688
689;5
689;98
689;25
690;14
690;18
690;3
690;19
690;425
693;25
694;55
694;4
695;64
695;25
696;14
697;14
700;19
701;19
702;159
702;35
702;18
702;9
703;35
703;55
704;25
705;15
706;26
707;26
707;3
708;5
710;25
712;57
712;14
715;385
715;185
717;33
720;9
721;77
721;722
721;15
723;8
723;25
724;15
725;21
725;35
725;15
725;26
725;44
726;246
726;18
726;48
726;9
728;26
728;3
729;18
733;14
737;18
738;66
738;60
740;21
740;741
740;8
740;35
740;15
740;18
740;3
740;44
742;57
742;34
742;137
742;8
742;35
742;26
742;3
743;25
744;5
744;19
745;57
745;334
745;137
745;385
745;35
745;18
745;160
746;748
746;19
749;18
750;19
752;14
754;18
755;57
756;35
756;15
756;438
757;15
757;2820
759;159
759;18
759;9
760;15
760;18
762;14
762;18
763;18
766;55
767;127
767;33
768;14
768;15
768;18
770;5
770;35
770;18
770;9
770;26
770;3
771;5
771;98
771;165
778;25
782;15
785;55
790;55
792;18
794;14
794;61
796;373
796;797
796;18
798;18
798;25
800;18
801;25
803;57
803;5
803;9
804;8
804;15
805;26
806;18
806;9
807;221
807;18
808;57
808;21
808;809
810;34
810;60
814;18
815;5
816;19
816;144
816;20
818;26
819;14
819;98
819;26
819;19
820;105
820;9
820;26
820;144
821;26
822;26
824;159
824;105
824;14
824;35
824;18
824;388
825;4
825;9
826;150
826;137
826;15
827;5
827;66
828;26
828;109
829;5
829;18
830;246
831;33
832;55
832;25
833;34
833;36
833;3
834;9
834;25
835;3
836;25
836;66
837;8
837;25
838;5
838;98
838;20
839;55
839;60
840;18
843;34
844;57
844;8
845;3
848;121
849;25
850;15
850;55
850;18
851;26
851;3
852;5
852;98
853;66
854;25
855;15
855;18
856;25
857;64
860;18
861;25
862;18
863;25
864;150
864;25
865;25
866;35
866;55
867;35
867;3
872;25
873;18
874;18
874;25
875;18
876;18
876;25
878;55
878;59
879;98
880;18
881;221
881;55
881;18
883;18
883;25
884;8
884;324
884;158
884;406
884;18
884;885
886;324
886;36
887;57
887;580
890;66
890;33
891;25
893;55
894;18
895;159
895;18
897;15
898;137
898;158
898;59
898;9
898;26
898;66
899;15
899;18
899;809
900;35
904;18
904;905
906;3
907;32
907;18
907;343
907;26
908;25
910;55
911;14
911;912
911;748
911;44
913;15
913;26
914;25
915;25
917;35
917;4
917;3
917;127
917;20
918;9
918;66
918;60
919;137
919;165
919;18
919;920
919;110
922;26
924;18
925;25
925;3
926;25
927;5
927;15
928;98
928;912
928;19
929;930
929;5
929;165
929;59
929;543
929;343
929;580
929;160
929;60
931;25
932;25
932;3
933;66
933;60
934;334
934;8
934;4
935;77
935;33
936;159
936;5
936;98
936;221
936;59
936;66
936;110
939;35
939;60
940;5
940;98
940;941
942;3
943;60
943;144
944;4
945;18
946;3
947;8
948;5
948;343
948;26
948;949
950;105
950;35
950;18
951;25
952;25
953;25
954;25
955;25
956;25
957;33
958;14
958;748
960;20
962;14
964;33
966;57
967;324
967;35
969;324
969;722
969;221
969;55
969;343
969;66
970;64
970;8
970;324
970;35
970;972
973;334
973;55
973;9
973;26
973;33
974;35
974;722
974;55
975;4
975;3
976;4
976;3
978;18
978;979
980;55
981;55
982;105
982;137
982;8
982;19
982;110
983;15
983;109
984;109
985;35
985;18
986;14
986;8
986;35
986;4
986;25
986;109
987;159
987;44
987;4720
988;3
989;25
992;25
992;3
995;137
995;5
995;18
996;159
996;998
996;5
996;98
996;26
996;19
996;109
996;20
999;159
999;998
999;5
999;98
999;158
999;3
999;19
999;20
1000;35
1000;4
1001;57
1001;1002
1004;15
1005;35
1005;3
1006;15
1007;25
1007;33
1008;1009
1008;165
1008;3
1010;105
1010;35
1010;18
1011;1013
1011;3
1011;1012
1014;21
1014;137
1014;18
1014;109
1015;5
1015;165
1015;9
1016;21
1016;4
1018;5
1018;59
1018;127
1019;9
1019;556
1019;1002
1021;25
1022;159
1022;3
1022;33
1023;98
1023;4
1023;9
1025;14
1025;4
1025;66
1025;19
1026;55
1027;35
1027;4
1028;35
1028;4
1030;105
1030;5
1030;15
1030;19
1030;20
1033;35
1033;55
1033;4
1033;60
1034;18
1037;18
1039;98
1039;19
1040;8
1041;159
1041;912
1041;1042
1041;748
1041;3
1041;19
1041;20
1044;137
1044;33
1047;3
1048;34
1049;159
1049;1043
1050;35
1050;55
1050;60
1050;19
1051;35
1051;3
1053;18
1054;18
1055;373
1055;34
1055;15
1055;18
1055;3
1057;4
1057;3
1057;33
1058;324
1058;48
1058;1059
1060;15
1060;18
1061;34
1061;3
1061;19
1062;4
1062;25
1063;18
1064;34
1064;66
1064;33
1065;1066
1065;1067
1071;19
1072;55
1072;160
1074;25
1075;57
1075;146
1075;8
1075;61
1075;18
1076;485
1078;55
1078;18
1078;3
1078;19
1079;5
1080;55
1080;3
1081;35
1081;18
1081;20
1082;25
1084;64
1084;25
1084;3
1084;19
1085;25
1086;57
1086;8
1086;1087
1086;18
1088;34
1088;343
1088;36
1091;57
1091;324
1091;60
1094;19
1095;159
1095;5
1096;159
1096;5
1097;19
1098;137
1098;3
1099;137
1099;3
1101;8
1101;5
1101;98
1101;4
1101;3
1101;19
1102;34
1102;3
1103;324
1104;21
1104;137
1104;35
1104;26
1104;3
1105;57
1105;34
1105;35
1105;59
1105;343
1105;3
1105;1002
1106;25
1108;3
1109;18
1110;5
1110;98
1110;580
1111;8
1111;324
1111;18
1111;3
1111;44
1112;15
1112;18
1112;9
1113;14
1114;55
1115;18
1116;18
1116;25
1117;25
1118;148
1118;26
1119;15
1119;19
1120;5
1120;18
1120;3
1120;19
1122;21
1122;344
1122;18
1123;25
1124;5
1126;25
1127;385
1128;25
1132;459
1132;57
1132;55
1132;18
1133;34
1134;121
1134;66
1136;15
1136;18
1137;15
1137;19
1138;25
1139;25
1140;3
1141;18
1142;18
1143;18
1144;25
1147;19
1147;20
1148;57
1148;15
1149;18
1149;26
1150;9
1150;33
1151;25
1155;5
1155;18
1156;18
1156;25
1156;44
1157;55
1157;18
1157;4
1157;25
1157;3
1159;1160
1159;18
1159;3
1161;19
1165;5
1165;19
1166;3
1168;55
1169;18
1170;9
1170;25
1171;4
1171;3
1172;159
1172;15
1173;34
1174;19
1174;20
1176;44
1177;57
1177;246
1177;98
1178;15
1179;25
1181;35
1181;4
1182;55
1182;59
1182;18
1182;26
1183;25
1185;66
1185;127
1185;109
1186;150
1186;221
1186;18
1187;688
1187;44
1188;385
1188;748
1188;19
1188;20
1191;373
1191;4720
1192;25
1192;26
1193;137
1193;15
1193;59
1194;18
1195;137
1195;35
1195;15
1195;18
1195;109
1196;15
1196;18
1196;343
1196;160
1196;109
1197;343
1197;26
1197;3
1201;77
1201;36
1203;18
1205;105
1205;14
1206;8
1207;5
1207;48
1208;5
1209;105
1209;14
1209;60
1210;25
1212;221
1212;18
1213;8
1213;15
1214;14
1216;25
1219;25
1220;98
1220;185
1221;55
1222;105
1222;137
1222;385
1222;35
1222;344
1222;55
1222;9
1223;25
1224;137
1224;55
1225;25
1226;15
1226;26
1226;44
1227;15
1228;20
1230;57
1230;33
1230;20
1231;57
1233;55
1234;18
1234;25
1236;59
1236;26
1236;44
1237;8
1237;18
1239;5
1241;5
1242;1042
1243;55
1243;18
1243;19
1245;159
1245;748
1245;26
1245;3
1245;19
1245;20
1246;246
1246;5
1246;55
1246;9
1246;527
1246;20
1248;14
1249;26
1249;66
1250;1251
1250;5
1250;425
1252;105
1252;35
1252;55
1252;19
1253;15
1253;18
1255;34
1255;15
1255;18
1255;26
1255;109
1256;64
1256;109
1256;33
1257;34
1257;15
1257;18
1257;26
1257;109
1258;57
1258;15
1258;109
1259;19
1259;20
1260;26
1261;57
1261;246
1262;59
1263;55
1263;26
1265;14
1265;18
1265;9
1267;35
1267;55
1270;1271
1270;5
1270;26
1270;19
1270;949
1272;26
1273;36
1274;741
1274;9
1274;3
1275;1276
1275;55
1275;543
1277;158
1277;25
1278;159
1278;18
1278;972
1281;18
1282;21
1282;15
1283;21
1283;165
1283;221
1283;26
1283;3
1284;14
1284;35
1284;184
1284;4
1284;19
1285;334
1285;64
1285;146
1285;35
1285;18
1285;26
1285;160
1286;5
1286;18
1287;25
1289;26
1289;3
1293;3
1294;35
1294;19
1294;109
1295;57
1295;18
1296;57
1296;8
1297;15
1297;19
1299;580
1299;144
1303;25
1305;25
1307;15
1308;14
1308;15
1308;18
1308;3
1310;3022
1310;18
1310;9
1310;25
1311;2825
1311;5
1311;15
1311;25
1312;15
1313;19
1314;1315
1314;121
1314;9
1316;57
1316;21
1316;137
1316;4
1316;3
1318;57
1318;21
1318;5
1318;397
1318;35
1318;15
1318;343
1318;1002
1320;1321
1320;8
1320;1002
1322;334
1322;59
1323;109
1323;453
1325;109
1326;25
1326;3
1327;18
1328;25
1329;35
1329;18
1329;198
1330;25
1331;121
1331;98
1331;55
1331;25
1332;137
1332;8
1332;5
1332;35
1332;158
1335;18
1337;121
1337;153
1337;3
1337;109
1338;34
1338;55
1338;3
1338;20
1339;57
1339;324
1340;55
1340;19
1341;146
1341;1908
1342;5
1343;5
1343;35
1347;25
1348;15
1348;18
1348;26
1348;1350
1351;25
1352;33
1353;35
1353;18
1354;18
1355;121
1355;66
1355;33
1356;34
1356;137
1356;98
1356;35
1356;18
1357;18
1358;25
1361;35
1361;4
1362;60
1362;33
1363;912
1363;204
1363;972
1364;57
1364;121
1364;66
1364;33
1365;25
1366;25
1367;137
1367;722
1367;18
1367;26
1367;19
1369;159
1369;33
1372;35
1372;18
1373;14
1373;9
1375;5
1375;15
1375;18
1375;26
1376;146
1376;3
1377;25
1378;98
1378;9
1381;15
1381;25
1386;15
1393;159
1393;5
1394;35
1394;15
1394;55
1394;109
1395;57
1395;1321
1395;15
1395;3
1395;66
1397;33
1398;25
1399;25
1400;18
1400;453
1401;5
1401;15
1401;9
1401;33
1402;18
1402;9
1402;33
1404;25
1405;148
1405;1406
1408;150
1408;26
1408;3
1409;57
1409;14
1409;8
1410;18
1411;15
1411;25
1413;44
1416;21
1416;137
1416;98
1416;35
1416;4
1416;9
1416;3
1417;21
1417;98
1417;18
1417;3
1418;25
1419;25
1420;25
1421;25
1422;18
1422;25
1423;25
1424;25
1425;25
1426;25
1427;21
1427;14
1427;35
1428;334
1428;109
1429;4
1429;48
1429;36
1429;3
1429;66
1429;110
1430;18
1431;3
1432;14
1434;1013
1434;18
1434;438
1435;18
1435;25
1436;64
1436;5
1438;5
1438;19
1439;5
1439;55
1440;5
1442;4
1443;9
1443;33
1444;18
1444;109
1444;949
1445;160
1445;66
1445;60
1447;26
1447;3
1449;15
1451;110
1453;221
1453;224
1455;15
1455;18
1457;25
1458;34
1458;3
1459;57
1459;98
1459;35
1459;4
1461;343
1465;18
1467;14
1467;55
1467;18
1467;19
1469;14
1469;55
1469;18
1469;19
1470;14
1470;55
1470;18
1470;19
1471;137
1471;221
1471;66
1475;25
1477;18
1479;21
1479;146
1479;18
1479;343
1483;3
1483;19
1484;35
1484;55
1485;55
1486;61
1488;18
1489;18
1490;34
1490;15
1490;60
1491;25
1494;8
1494;35
1494;36
1494;3
1496;15
1496;26
1496;33
1497;18
1498;15
1502;4
1503;57
1503;105
1503;64
1503;106
1503;5
1503;59
1503;748
1504;1251
1504;98
1504;1505
1506;26
1507;26
1509;150
1510;137
1510;55
1511;26
1512;55
1515;5
1515;55
1516;18
1516;9
1517;18
1518;18
1520;5
1520;15
1521;14
1521;9
1522;34
1522;3
1523;18
1524;18
1524;25
1526;35
1526;3
1528;35
1528;3
1529;25
1530;25
1531;159
1531;105
1531;150
1531;137
1531;5
1531;33
1532;35
1532;18
1533;18
1534;5
1534;35
1535;25
1539;8
1539;15
1539;9
1539;3
1539;19
1540;105
1540;98
1540;3
1541;158
1541;4
1542;55
1544;21
1544;34
1544;5
1544;15
1545;8
1546;35
1546;221
1546;26
1546;110
1547;35
1547;221
1547;3
1547;905
1548;98
1548;1549
1548;124
1550;57
1550;35
1550;184
1550;18
1550;343
1550;3
1553;98
1553;25
1553;19
1554;15
1554;20
1556;18
1556;9
1557;246
1557;18
1557;543
1557;66
1557;527
1559;32
1559;9
1560;1321
1560;3
1561;150
1561;8
1561;18
1562;159
1562;105
1562;98
1562;15
1562;26
1562;33
1563;21
1563;35
1563;26
1563;44
1563;60
1563;19
1564;5
1565;4
1568;25
1568;19
1569;246
1569;14
1569;18
1570;246
1570;324
1570;1571
1570;221
1570;25
1570;204
1572;25
1572;224
1572;44
1573;5
1573;18
1576;3
1578;25
1578;26
1579;26
1580;25
1581;15
1583;158
1583;26
1584;14
1584;20
1585;5
1585;15
1585;19
1585;109
1586;77
1589;8
1589;397
1589;25
1590;64
1590;33
1591;57
1591;106
1591;1592
1591;165
1591;3
1591;109
1591;33
1593;106
1593;8
1593;165
1593;18
1593;204
1593;109
1594;33
1595;159
1596;25
1597;98
1598;55
1599;25
1602;14
1602;8
1602;221
1602;18
1602;9
1603;57
1603;722
1603;26
1603;33
1605;18
1605;4
1606;57
1606;159
1606;121
1608;15
1608;26
1609;18
1611;26
1612;158
1612;55
1612;3
1612;60
1614;35
1614;3
1614;60
1615;385
1615;35
1615;3
1615;60
1616;35
1616;3
1616;60
1619;21
1619;34
1619;8
1619;61
1619;18
1619;9
1619;3
1619;66
1621;1622
1621;34
1621;137
1621;158
1621;26
1621;19
1621;109
1623;25
1623;3
1624;105
1624;14
1624;5
1624;19
1625;18
1625;44
1627;18
1630;324
1630;55
1630;3
1631;688
1631;18
1631;33
1632;324
1632;15
1632;343
1632;36
1632;26
1635;25
1636;44
1636;19
1637;1321
1637;5
1637;35
1637;18
1637;26
1637;1002
1639;146
1639;1271
1639;19
1640;1641
1640;105
1640;4
1640;3
1642;98
1642;25
1642;3
1643;98
1643;25
1643;3
1644;18
1645;55
1645;3
1647;18
1648;18
1648;33
1649;55
1649;3
1650;25
1651;26
1652;18
1652;19
1654;15
1654;18
1655;3
1656;19
1657;159
1657;556
1658;98
1660;34
1660;19
1661;15
1661;127
1662;57
1662;19
1664;1665
1664;57
1664;34
1664;26
1664;109
1666;121
1666;419
1666;110
1667;121
1667;158
1667;55
1667;4
1667;20
1669;25
1670;1672
1670;1321
1670;5
1670;35
1670;1671
1670;19
1673;25
1674;5
1674;35
1674;19
1675;25
1676;5
1678;137
1678;26
1679;5
1679;20
1680;105
1680;385
1680;98
1680;158
1680;55
1680;3
1681;55
1681;556
1681;66
1681;60
1681;109
1682;25
1683;57
1683;373
1683;1013
1683;324
1683;9
1683;144
1685;66
1685;144
1686;26
1686;20
1690;246
1691;9
1691;60
1691;1446
1693;21
1693;15
1693;4
1693;26
1694;21
1694;388
1694;26
1694;19
1695;741
1695;5
1695;18
1695;44
1696;5
1696;25
1697;144
1698;35
1698;4
1700;14
1700;15
1702;15
1703;14
1703;15
1703;18
1704;15
1704;26
1704;19
1704;20
1705;18
1706;158
1706;1707
1708;25
1709;21
1709;59
1709;4
1709;3
1709;44
1712;334
1712;137
1712;5
1712;18
1713;18
1719;15
1720;35
1720;15
1720;59
1720;18
1720;26
1721;35
1721;18
1721;4
1722;246
1722;34
1722;66
1722;33
1723;25
1727;25
1728;25
1729;15
1729;18
1732;25
1732;3
1733;55
1733;912
1733;25
1734;18
1736;137
1736;35
1736;1002
1737;373
1737;137
1737;44
1738;61
1738;35
1738;55
1738;160
1738;527
1738;60
1738;110
1739;419
1739;18
1739;19
1740;25
1741;105
1741;21
1741;150
1741;8
1741;5
1741;18
1746;18
1746;25
1749;25
1750;25
1751;25
1752;25
1753;25
1754;25
1755;25
1757;3
1758;98
1758;35
1759;21
1759;34
1759;18
1760;1761
1760;3
1762;18
1765;26
1766;105
1766;14
1766;98
1766;55
1766;18
1766;109
1774;15
1774;18
1774;26
1774;19
1775;18
1777;5
1777;18
1777;1779
1780;66
1780;33
1783;18
1785;35
1785;4
1785;60
1786;580
1787;159
1787;19
1787;20
1788;1789
1788;33
1790;18
1791;25
1792;5
1792;110
1793;9
1793;580
1794;21
1794;3
1795;121
1795;246
1795;26
1795;66
1797;35
1797;3
1797;19
1801;25
1802;5
1802;221
1803;5
1803;221
1804;18
1806;98
1806;15
1806;55
1806;20
1807;14
1807;15
1807;18
1808;18
1808;25
1810;18
1812;35
1812;15
1812;3
1812;33
1812;1002
1813;137
1813;55
1814;9
1814;66
1816;144
1817;57
1817;35
1818;5
1818;15
1818;44
1819;148
1819;55
1820;9
1820;66
1822;57
1822;21
1822;35
1822;55
1822;3
1822;44
1823;21
1823;5
1823;35
1823;55
1823;343
1823;3
1823;44
1823;1002
1824;34
1824;35
1824;15
1824;3
1825;25
1826;439
1826;21
1826;137
1826;5
1826;35
1826;15
1826;3
1826;160
1827;25
1828;25
1829;741
1829;35
1829;55
1829;4
1830;439
1830;21
1830;137
1830;5
1830;35
1830;15
1830;3
1830;160
1831;439
1831;35
1831;25
1831;3
1832;5
1833;57
1833;34
1834;324
1834;9
1836;57
1836;19
1836;109
1837;33
1838;98
1838;35
1838;4
1838;160
1838;60
1838;109
1839;35
1839;18
1839;1002
1840;8
1840;35
1840;55
1840;18
1840;3
1840;109
1841;57
1841;35
1841;26
1841;160
1841;33
1842;35
1842;55
1842;18
1842;4
1843;18
1843;26
1844;98
1844;35
1845;21
1845;35
1845;4
1846;33
1847;5
1847;55
1847;18
1847;3
1847;19
1848;18
1850;3
1851;35
1851;3
1852;158
1852;55
1852;4
1852;20
1853;18
1853;9
1853;580
1856;1013
1856;98
1856;18
1856;20
1859;18
1861;34
1861;106
1861;26
1861;3
1862;18
1863;26
1864;18
1865;25
1867;334
1867;5
1870;77
1870;15
1871;15
1871;221
1872;1873
1872;26
1874;5
1874;425
1875;5
1875;25
1875;425
1876;35
1876;55
1876;4
1877;35
1877;55
1877;4
1878;34
1878;3
1878;33
1879;55
1879;4
1879;3
1880;35
1880;55
1881;137
1881;4
1881;9
1882;121
1882;4
1885;150
1885;137
1885;3
1886;8
1887;18
1890;66
1890;33
1891;64
1891;55
1891;3
1892;55
1893;159
1893;5
1893;18
1894;25
1895;25
1896;25
1897;25
1898;324
1898;18
1898;3
1900;3
1902;25
1903;4
1903;44
1904;15
1904;9
1905;397
1905;4
1905;66
1906;25
1907;15
1907;18
1907;1908
1909;25
1911;25
1913;18
1914;18
1916;18
1917;19
1918;3
1918;109
1919;21
1919;55
1919;18
1919;4
1919;453
1920;64
1920;14
1920;3
1921;158
1921;18
1922;55
1922;3
1924;33
1926;34
1926;55
1926;3
1926;33
1931;8
1931;397
1931;59
1931;3
1932;3
1932;19
1933;25
1934;137
1935;15
1935;18
1938;26
1941;105
1942;18
1943;688
1943;158
1944;18
1944;25
1945;26
1945;33
1946;159
1947;55
1947;4
1948;64
1948;4
1948;25
1949;98
1951;5
1951;19
1953;25
1954;15
1954;1955
1956;3
1956;19
1957;18
1958;8
1958;343
1958;3
1959;25
1960;18
1960;25
1961;225
1962;159
1962;18
1963;18
1964;144
1964;20
1965;21
1965;5
1965;26
1965;19
1965;33
1966;21
1966;5
1967;25
1968;159
1968;1969
1968;137
1968;15
1968;224
1968;425
1970;34
1970;35
1970;59
1971;59
1971;1972
1971;18
1973;26
1974;21
1974;18
1974;26
1975;26
1978;15
1979;55
1979;4
1979;66
1980;35
1980;25
1981;57
1981;8
1981;55
1981;4
1981;9
1982;21
1982;66
1982;33
1983;14
1987;5
1987;18
1988;3
1989;14
1989;25
1990;25
1991;21
1991;59
1991;9
1991;26
1991;3
1991;185
1991;20
1992;25
1993;57
1993;25
1994;18
1995;34
1995;35
1995;55
1995;18
1995;388
1995;26
1995;1002
1996;324
1996;25
1997;18
1997;25
1998;1999
1998;25
2000;25
2000;556
2001;25
2001;972
2002;48
2002;25
2003;18
2003;185
2004;14
2005;18
2006;98
2009;406
2009;26
2009;204
2009;19
2012;5
2012;9
2012;388
2013;105
2013;18
2013;912
2013;26
2013;19
2013;20
2014;14
2015;18
2015;144
2016;688
2017;25
2018;15
2018;19
2019;57
2019;34
2019;1002
2020;66
2020;33
2021;25
2022;34
2022;3
2022;580
2024;26
2024;66
2025;25
2026;5
2026;9
2029;57
2029;159
2029;5
2029;165
2029;9
2029;26
2029;19
2030;246
2030;26
2030;3
2032;34
2032;35
2032;3
2033;8
2033;18
2034;61
2034;2035
2034;438
2034;66
2036;55
2036;25
2037;246
2037;18
2037;3
2037;66
2038;33
2039;137
2039;35
2039;55
2039;60
2040;26
2040;60
2040;110
2042;137
2042;35
2043;18
2043;25
2044;3
2050;121
2050;26
2051;26
2052;26
2052;66
2052;33
2053;25
2054;35
2054;158
2054;18
2054;25
2055;35
2055;158
2055;18
2055;25
2056;3
2057;15
2058;15
2059;35
2059;158
2059;18
2059;25
2060;2061
2060;15
2062;5
2062;98
2062;25
2063;121
2063;8
2063;35
2063;55
2064;105
2064;158
2064;419
2064;55
2064;60
2065;18
2065;3
2066;55
2067;66
2067;33
2068;66
2068;33
2070;18
2071;3
2071;19
2072;35
2072;18
2073;35
2073;15
2073;18
2074;14
2074;98
2074;35
2074;9
2075;35
2075;343
2075;26
2076;25
2078;26
2080;165
2082;25
2083;25
2084;25
2085;25
2086;25
2087;25
2088;66
2088;33
2089;25
2090;25
2091;246
2091;98
2092;121
2092;15
2092;343
2092;26
2092;3
2093;18
2093;9
2094;25
2097;105
2097;33
2098;105
2098;33
2099;15
2099;18
2101;105
2101;35
2101;55
2101;3
2102;14
2102;5
2102;44
2105;2106
2105;25
2105;60
2107;9
2108;26
2109;14
2109;5
2109;9
2110;159
2111;55
2114;26
2114;160
2116;158
2116;15
2117;35
2117;55
2118;5
2118;15
2119;25
2120;26
2121;15
2123;15
2124;15
2125;64
2125;14
2125;98
2125;19
2126;33
2128;25
2129;106
2129;221
2129;216
2129;109
2130;105
2130;1707
2130;127
2131;556
2131;160
2131;66
2131;127
2131;60
2131;453
2132;373
2132;15
2132;19
2132;20
2133;137
2133;35
2133;18
2133;1707
2134;18
2135;55
2136;5
2137;2138
2139;2138
2140;2138
2141;2138
2142;2138
2143;2138
2144;2138
2145;2138
2146;2138
2147;2138
2148;2138
2149;98
2150;98
2151;98
2153;26
2155;373
2155;385
2155;165
2155;19
2156;35
2158;25
2159;25
2159;26
2159;3
2160;121
2160;34
2160;26
2160;44
2160;66
2160;33
2161;21
2161;59
2161;3
2161;20
2163;159
2164;61
2164;18
2164;9
2164;60
2164;110
2165;21
2166;25
2167;159
2167;3
2172;18
2173;246
2174;15
2174;18
2174;26
2175;26
2176;55
2176;18
2176;25
2176;3
2177;55
2177;18
2177;25
2177;3
2178;25
2179;21
2179;5
2179;15
2179;44
2180;18
2181;5
2182;25
2183;18
2184;3
2185;25
2186;25
2187;25
2188;25
2189;18
2189;4
2189;9
2190;741
2190;158
2190;221
2190;3
2191;8
2191;35
2191;221
2192;221
2192;18
2194;15
2194;55
2194;59
2194;949
2195;105
2195;14
2195;55
2195;3
2201;5
2201;35
2201;15
2201;9
2201;26
2202;5
2202;26
2202;3
2204;25
2205;5
2205;18
2205;885
2206;57
2206;34
2206;137
2206;221
2206;59
2206;2207
2206;109
2209;55
2209;9
2210;25
2212;159
2212;137
2212;15
2212;26
2212;3
2213;55
2213;48
2213;36
2213;3
2213;66
2213;60
2213;33
2214;343
2214;26
2215;77
2215;35
2215;18
2215;48
2215;9
2215;3
2216;77
2216;35
2216;18
2216;48
2216;9
2217;106
2217;18
2217;9
2217;44
2218;57
2218;324
2218;5
2218;59
2218;66
2218;453
2219;1013
2219;8
2219;59
2219;18
2219;9
2219;2220
2221;246
2221;8
2221;165
2221;221
2221;18
2221;66
2223;5
2223;20
2224;5
2225;5
2226;18
2226;25
2227;18
2228;334
2229;15
2230;137
2230;77
2230;158
2230;55
2230;3
2235;334
2235;35
2237;25
2238;25
2239;25
2240;25
2241;5
2241;98
2241;59
2241;343
2242;146
2242;55
2242;48
2242;3
2242;160
2242;66
2243;15
2243;221
2244;5
2244;59
2244;4
2244;26
2245;137
2245;5
2245;344
2245;59
2245;9
2245;127
2245;144
2245;110
2247;34
2247;15
2247;9
2248;21
2248;32
2248;137
2248;158
2248;15
2248;48
2248;3
2248;33
2249;18
2251;3
2252;3
2254;4
2254;36
2254;127
2255;14
2255;44
2256;25
2257;35
2257;55
2257;4
2258;4
2259;373
2259;26
2260;21
2260;35
2261;9
2261;3
2262;66
2266;1592
2266;18
2266;60
2269;121
2269;18
2270;35
2270;26
2272;98
2272;25
2273;334
2275;148
2275;1043
2276;5
2276;15
2276;18
2276;949
2277;15
2277;26
2277;20
2278;14
2278;9
2279;3
2280;324
2280;556
2281;34
2281;35
2281;59
2282;55
2282;9
2282;3
2282;60
2283;59
2283;4
2283;60
2284;35
2285;25
2286;26
2287;14
2288;14
2289;21
2289;55
2289;4
2289;19
2290;18
2291;34
2291;1321
2291;35
2291;26
2291;2785
2292;14
2292;18
2293;14
2294;741
2294;406
2296;55
2298;35
2298;18
2298;4
2301;34
2302;21
2302;106
2302;8
2302;15
2302;26
2302;3
2302;19
2303;55
2303;3
2304;5
2304;35
2304;19
2304;20
2305;159
2305;8
2305;4
2305;33
2306;14
2306;9
2306;66
2306;60
2307;21
2307;35
2308;48
2308;33
2309;60
2309;110
2312;35
2312;59
2312;124
2314;159
2314;98
2314;61
2315;25
2316;5
2316;98
2316;15
2316;18
2316;26
2317;25
2318;57
2318;35
2318;3
2319;14
2319;18
2320;98
2321;3
2324;15
2324;18
2324;3
2325;159
2325;18
2326;14
2326;18
2326;9
2326;66
2326;19
2328;15
2328;18
2330;748
2331;14
2331;158
2332;44
2334;21
2334;5
2334;35
2334;55
2334;66
2334;885
2335;8
2335;35
2335;60
2337;98
2338;15
2339;18
2340;55
2341;59
2341;144
2341;33
2342;8
2342;35
2342;15
2343;2345
2343;2344
2346;8
2347;26
2348;121
2348;66
2349;18
2350;5
2350;25
2350;19
2351;137
2351;55
2352;2354
2352;19
2355;5
2356;18
2357;137
2357;688
2357;165
2357;26
2358;105
2358;18
2359;21
2359;14
2359;35
2359;18
2359;26
2359;1002
2360;15
2360;33
2361;18
2362;26
2364;1009
2365;105
2365;8
2365;5
2365;221
2365;44
2366;98
2366;2367
2368;18
2370;18
2370;9
2372;3
2374;18
2374;19
2375;459
2375;18
2375;3
2376;18
2377;18
2377;33
2380;137
2380;8
2380;25
2382;2383
2382;5
2382;35
2382;4
2382;3
2384;105
2384;5
2384;26
2385;137
2385;18
2386;25
2387;57
2387;121
2387;21
2387;64
2387;32
2387;34
2387;14
2387;8
2389;14
2389;18
2391;419
2391;18
2391;19
2392;8
2392;20
2395;14
2395;18
2395;19
2396;998
2396;35
2396;55
2397;18
2400;14
2400;15
2400;26
2401;15
2402;18
2402;25
2403;26
2406;25
2407;5
2407;15
2407;18
2409;18
2411;18
2411;9
2411;25
2411;204
2412;18
2412;4
2414;150
2414;15
2414;406
2414;18
2414;3
2414;66
2414;33
2415;121
2417;25
2418;25
2419;18
2419;4
2419;3
2422;246
2422;35
2423;25
2424;25
2425;15
2427;26
2427;19
2430;35
2430;20
2431;21
2431;221
2431;44
2432;18
2432;20
2433;26
2433;44
2434;14
2434;35
2434;6322
2435;25
2436;25
2437;25
2438;64
2438;4
2438;9
2439;21
2439;35
2439;55
2440;18
2440;9
2442;246
2442;150
2442;2443
2442;59
2442;66
2442;60
2444;246
2444;59
2444;66
2445;246
2445;59
2445;66
2446;14
2446;9
2448;57
2448;930
2448;34
2448;146
2448;35
2448;55
2449;98
2449;55
2449;25
2450;57
2450;159
2450;146
2450;8
2450;15
2450;33
2451;121
2451;66
2452;98
2452;3
2453;35
2453;15
2454;18
2454;9
2454;26
2454;66
2454;33
2456;34
2456;26
2456;3
2457;25
2458;34
2458;18
2458;9
2458;3
2458;19
2461;35
2461;15
2461;18
2462;15
2462;9
2463;25
2463;26
2464;18
2465;15
2466;34
2466;3
2467;2428
2467;5
2467;19
2470;459
2470;105
2470;2899
2470;146
2470;2900
2470;66
2471;5
2471;110
2472;35
2472;15
2472;20
2474;121
2474;246
2474;18
2474;48
2476;26
2477;121
2477;246
2477;48
2477;26
2477;33
2478;18
2478;26
2479;15
2479;26
2480;1672
2480;35
2480;18
2483;5
2483;98
2483;35
2484;55
2484;4
2486;26
2487;165
2487;60
2487;267
2488;33
2489;5
2489;35
2489;15
2489;59
2489;9
2489;1002
2490;105
2490;8
2490;4
2491;246
2491;150
2491;106
2491;15
2491;26
2538;35
2538;4
2539;5
2539;35
2539;3
2541;334
2541;15
2541;160
2543;5
2543;18
2545;33
2546;25
2547;25
2548;137
2548;9
2550;8
2550;5
2550;15
2550;19
2551;159
2551;105
2551;33
2552;34
2552;109
2553;57
2553;18
2553;9
2553;25
2553;2220
2553;19
2553;33
2554;25
2555;25
2556;25
2557;25
2558;25
2559;25
2560;25
2561;14
2562;334
2563;25
2565;159
2565;105
2565;33
2566;57
2572;580
2573;98
2573;26
2573;3
2574;64
2574;60
2575;21
2575;55
2575;19
2576;34
2576;35
2576;1999
2577;1276
2579;15
2580;59
2580;18
2583;3
2583;2588
2586;106
2586;397
2586;15
2586;4
2586;3
2589;529
2590;334
2591;15
2591;144
2592;15
2592;19
2593;688
2593;35
2594;25
2596;34
2596;25
2596;26
2598;35
2598;15
2599;3
2600;121
2600;33
2601;121
2601;33
2602;35
2602;15
2603;21
2604;25
2605;25
2606;3
2607;55
2610;25
2616;21
2616;5
2616;44
2617;3
2617;19
2618;18
2619;15
2620;18
2621;25
2622;3
2623;5
2623;25
2624;35
2624;25
2624;3
2625;35
2625;3
2626;25
2627;26
2627;885
2628;18
2628;9
2629;18
2630;15
2630;19
2631;25
2632;3
2635;8
2635;158
2635;25
2636;25
2637;34
2637;55
2637;25
2637;33
2642;3
2643;18
2643;9
2644;61
2644;3
2644;19
2646;246
2646;8
2646;55
2646;4
2646;44
2646;66
2646;1002
2648;25
2649;998
2649;44
2649;160
2649;920
2650;15
2650;19
2651;55
2651;4
2652;98
2652;18
2652;3
2653;66
2653;33
2654;246
2654;25
2658;14
2659;57
2660;2664
2660;2665
2663;15
2663;18
2667;912
2667;3
2668;26
2669;5
2669;35
2669;25
2670;14
2671;3
2673;25
2673;26
2674;25
2675;25
2676;25
2680;25
2681;18
2682;25
2683;3
2684;25
2684;26
2685;33
2686;25
2687;55
2687;60
2688;15
2689;25
2690;3
2691;4
2691;9
2692;159
2693;8
2693;25
2694;18
2695;25
2696;25
2698;25
2699;25
2700;25
2701;18
2702;159
2702;34
2702;3
2702;556
2703;2901
2703;998
2703;5
2703;2841
2703;33
2703;20
2704;105
2704;35
2704;55
2704;18
2704;44
2706;159
2706;246
2706;14
2706;66
2706;20
2708;15
2708;18
2709;3
2712;8
2712;35
2713;14
2713;60
2714;34
2714;35
2714;109
2716;8
2716;18
2719;25
2720;159
2720;324
2720;160
2720;60
2721;1789
2721;66
2721;33
2722;2768
2722;26
2723;3
2723;19
2724;25
2725;25
2727;15
2727;2220
2728;64
2729;18
2730;18
2730;25
2731;18
2731;25
2732;18
2734;25
2736;18
2737;109
2738;26
2740;25
2741;25
2742;25
2743;25
2744;25
2745;25
2746;25
2747;146
2747;158
2747;55
2747;905
2747;109
2748;3
2748;19
2753;14
2753;25
2753;19
2754;25
2755;246
2755;98
2756;14
2756;15
2756;9
2757;14
2757;18
2757;60
2758;34
2758;343
2758;3
2759;334
2759;64
2759;8
2760;5
2760;25
2761;25
2762;25
2765;25
2766;26
2769;25
2770;25
2771;105
2771;14
2771;33
2772;26
2772;556
2773;19
2774;148
2774;9
2778;3
2779;55
2780;8
2780;5
2780;15
2780;19
2784;5
2786;25
2788;18
2789;18
2790;18
2791;15
2792;55
2794;5
2795;159
2795;9
2795;66
2796;15
2796;18
2796;33
2798;25
2798;2799
2801;722
2801;25
2801;127
2801;1002
2802;221
2802;18
2802;2803
2804;35
2804;55
2804;4
2804;3
2804;19
2805;9
2805;527
2806;21
2806;225
2806;61
2806;35
2806;25
2806;3
2807;55
2810;14
2811;14
2811;25
2812;55
2812;18
2813;998
2813;165
2813;979
2813;110
2814;2817
2814;941
2815;26
2815;20
2819;25
2822;2824
2826;14
2826;35
2827;5
2827;15
2827;26
2828;105
2829;2901
2829;20
2831;334
2831;26
2832;25
2833;159
2833;18
2833;44
2833;160
2834;15
2834;55
2834;26
2834;3
2835;61
2835;18
2838;15
2838;18
2840;1066
2840;15
2840;18
2840;2841
2840;66
2845;18
2849;121
2849;34
2849;9
2849;556
2849;66
2852;158
2852;55
2852;3
2853;98
2853;18
2854;26
2856;159
2856;419
2856;18
2856;9
2857;57
2857;66
2857;127
2857;19
2858;3
2859;55
2859;9
2859;3
2859;19
2860;34
2860;137
2860;3
2860;127
2861;8
2863;25
2863;3
2865;2864
2866;246
2866;35
2866;3
2866;66
2866;33
2867;8
2867;55
2869;35
2869;19
2871;9
2871;25
2871;33
2872;57
2872;159
2872;14
2872;8
2872;5
2872;9
2872;20
2873;14
2873;25
2874;159
2874;979
2877;5
2877;343
2877;19
2877;109
2878;137
2878;324
2878;160
2879;5
2879;36
2879;44
2882;105
2882;5
2882;33
2883;25
2884;25
2885;25
2886;25
2887;25
2888;25
2891;246
2891;21
2891;18
2891;25
2891;66
2891;127
2891;19
2892;25
2893;158
2893;55
2894;722
2894;18
2895;19
2896;25
2897;57
2897;66
2898;137
2898;3
2902;246
2904;26
2908;21
2908;35
2908;26
2909;21
2909;35
2909;26
2913;19
2914;25
2915;21
2915;35
2915;15
2916;21
2916;35
2916;15
2917;15
2917;19
2921;8
2923;18
2925;14
2925;8
2926;15
2927;15
2928;25
2929;158
2929;55
2929;3
2929;19
2931;165
2931;25
2932;159
2932;25
2932;26
2933;688
2933;55
2934;35
2934;18
2936;105
2936;106
2936;15
2936;912
2936;19
2936;20
2937;55
2937;25
2938;35
2938;3
2938;2939
2940;15
2941;105
2941;35
2941;15
2941;19
2942;18
2942;26
2942;19
2943;373
2943;26
2943;19
2943;109
2944;18
2944;4
2945;5
2946;3
2946;19
2948;15
2948;19
2949;35
2949;3
2950;5
2951;25
2953;25
2954;25
2955;15
2956;26
2957;98
2958;18
2958;905
2959;18
2959;905
2961;35
2961;33
2963;25
2964;35
2964;18
2966;35
2966;26
2966;19
2967;137
2967;25
2968;373
2968;18
2969;25
2970;15
2970;25
2971;57
2971;14
2971;9
2972;14
2972;18
2972;9
2972;25
2972;66
2973;25
2974;35
2974;15
2974;18
2975;137
2975;221
2975;388
2975;19
2976;15
2976;19
2977;334
2977;8
2978;137
2978;8
2978;9
2979;15
2979;18
2980;34
2980;26
2981;406
2981;26
2982;25
2983;57
2983;35
2984;159
2984;5
2984;66
2984;19
2985;35
2985;59
2985;26
2986;26
2987;14
2987;18
2993;9
2994;3
2995;55
2995;9
2996;34
2996;26
2997;158
2997;18
2997;19
2998;158
2998;15
2999;25
3000;159
3000;160
3003;159
3003;9
3004;3
3006;5
3007;15
3007;406
3008;55
3008;9
3009;324
3012;98
3012;19
3013;15
3015;25
3016;26
3016;109
3017;5
3017;25
3017;3
3018;35
3018;15
3019;146
3019;26
3020;61
3020;165
3020;44
3021;3022
3025;35
3025;15
3026;25
3027;25
3028;34
3028;3022
3028;15
3028;25
3028;3
3028;109
3029;25
3029;26
3031;5
3031;3
3031;20
3032;5
3035;159
3036;64
3036;14
3036;15
3036;9
3036;66
3037;9
3037;66
3037;527
3037;33
3038;221
3038;1446
3038;949
3041;25
3042;5
3043;15
3044;98
3045;8
3045;26
3046;18
3046;26
3049;26
3050;26
3050;3
3051;19
3051;2588
3052;324
3052;3315
3053;18
3054;35
3054;15
3054;18
3055;15
3057;3
3058;15
3060;3303
3060;748
3062;18
3081;98
3081;20
3088;18
3088;66
3092;18
3111;15
3112;25
3113;25
3117;4
3117;3
3118;98
3119;4
3119;3
3121;57
3122;18
3124;3
3125;18
3125;4
3126;3
3129;57
3129;35
3132;18
3134;105
3134;3161
3134;18
3134;19
3135;25
3135;3
3140;3619
3140;4
3144;1160
3144;110
3145;580
3146;9
3146;160
3148;8
3149;14
3149;343
3149;20
3150;26
3151;34
3151;3
3151;109
3152;25
3152;20
3153;57
3153;144
3159;15
3159;18
3159;9
3163;998
3163;98
3163;61
3163;18
3164;1672
3164;18
3165;302
3166;15
3166;18
3166;26
3167;57
3167;15
3167;3
3169;57
3169;137
3169;5
3169;26
3170;25
3172;221
3172;18
3173;18
3174;15
3174;18
3174;26
3175;21
3176;105
3176;26
3177;3178
3177;64
3177;19
3179;55
3179;7689
3181;25
3182;77
3182;35
3182;18
3182;48
3182;9
3182;3
3184;35
3184;15
3184;18
3184;25
3185;121
3185;246
3185;1276
3188;35
3188;55
3190;25
3190;3386
3191;18
3191;9
3193;25
3194;18
3194;9
3195;14
3195;15
3195;26
3197;18
3198;25
3200;3
3201;25
3202;580
3208;121
3208;33
3209;221
3210;14
3212;21
3212;44
3213;14
3213;3214
3215;98
3215;19
3218;15
3218;55
3218;9
3219;35
3219;55
3219;4
3221;25
3223;55
3223;3
3224;14
3224;9
3225;5
3225;18
3226;25
3227;4
3230;57
3230;18
3231;25
3232;150
3240;3
3241;21
3241;19
3245;15
3245;343
3245;3
3246;18
3247;5
3247;3
3247;19
3248;55
3248;9
3248;66
3249;57
3249;105
3249;688
3249;580
3251;35
3257;8
3257;18
3258;26
3258;20
3259;121
3259;158
3263;35
3263;26
3263;3
3264;35
3264;905
3265;25
3266;25
3267;14
3267;5
3270;121
3270;246
3270;66
3270;527
3274;26
3275;26
3275;19
3280;324
3280;9
3280;26
3281;15
3282;19
3283;26
3283;3
3284;1059
3286;57
3288;159
3288;9
3288;33
3289;57
3289;5
3289;18
3290;55
3290;3
3290;19
3291;55
3291;25
3291;19
3292;34
3292;26
3293;148
3293;18
3293;144
3294;18
3295;48
3295;1908
3297;19
3298;59
3301;3
3302;5
3305;98
3305;55
3306;25
3309;25
3311;3
3311;19
3312;3
3312;19
3313;55
3323;105
3323;18
3325;397
3325;19
3325;3435
3325;20
3326;26
3327;15
3327;25
3328;3
3329;14
3330;18
3330;25
3331;14
3333;18
3333;9
3333;25
3337;21
3337;15
3337;18
3337;26
3337;44
3338;21
3338;15
3338;18
3338;48
3338;25
3339;159
3339;15
3339;18
3339;25
3339;26
3339;33
3340;1012
3340;19
3340;20
3341;33
3343;5
3343;15
3343;25
3344;25
3345;3
3346;15
3346;18
3347;57
3347;580
3348;25
3350;57
3350;106
3350;35
3350;3
3351;741
3351;14
3351;55
3351;4
3351;3
3351;19
3354;25
3359;18
3360;55
3360;25
3363;15
3363;55
3363;3
3363;19
3364;25
3365;25
3366;35
3366;55
3366;25
3368;15
3370;3
3372;18
3376;34
3380;55
3380;20
3382;57
3383;25
3387;18
3390;5
3390;98
3390;9
3394;9
3394;26
3399;14
3401;18
3432;15
3432;18
3433;57
3433;8
3446;18
3446;44
3447;3
3448;18
3450;98
3451;25
3452;25
3453;25
3454;25
3455;25
3456;25
3457;9
3457;66
3460;15
3460;18
3462;4476
3462;15
3462;3
3463;159
3463;3
3463;33
3464;159
3464;3
3465;25
3467;159
3467;25
3468;373
3468;15
3468;18
3470;35
3470;55
3473;3560
3473;66
3479;18
3486;64
3486;14
3486;3
3488;98
3488;19
3489;5
3493;5
3493;9
3493;66
3494;930
3494;8
3494;3495
3496;18
3496;9
3496;26
3501;225
3502;14
3502;25
3511;3
3512;159
3512;18
3514;25
3514;580
3516;35
3516;3
3516;44
3517;25
3517;3
3518;25
3521;18
3524;159
3524;14
3524;18
3525;159
3525;14
3525;18
3531;3
3535;60
3535;144
3536;3
3536;19
3537;25
3538;15
3539;5
3540;5
3540;158
3540;18
3540;26
3540;19
3541;25
3542;34
3542;18
3542;109
3543;21
3543;35
3543;3
3554;19
3556;15
3556;419
3562;3563
3562;15
3565;34
3565;3
3566;98
3566;4
3569;98
3570;5
3570;19
3576;105
3576;55
3577;3
3583;105
3583;8
3583;5
3583;302
3583;18
3586;5
3586;19
3590;246
3590;15
3591;34
3591;388
3591;26
3594;688
3594;385
3594;35
3594;4
3601;55
3601;19
3601;20
3604;35
3604;18
3609;4
3612;9
3612;66
3613;55
3613;33
3614;33
3615;15
3615;18
3623;18
3630;35
3630;419
3630;26
3630;109
3632;35
3633;59
3633;18
3633;26
3634;15
3634;25
3635;334
3636;343
3637;3
3642;334
3642;61
3647;35
3647;25
3647;2799
3648;246
3648;9
3649;55
3649;4
3650;55
3651;35
3651;4
3651;19
3653;57
3653;580
3655;35
3656;343
3656;33
3661;25
3663;3
3664;55
3664;3
3665;18
3667;25
3675;15
3677;15
3677;26
3679;25
3681;98
3682;159
3686;246
3686;5
3686;3
3686;66
3689;105
3689;14
3692;35
3692;59
3692;343
3692;26
3692;33
3692;2785
3692;1002
3695;124
3695;109
3696;35
3696;55
3697;246
3697;33
3698;34
3698;3
3700;35
3700;4
3701;15
3707;57
3707;98
3707;55
3707;18
3707;4
3707;36
3707;26
3707;3
3707;160
3708;3
3713;25
3714;57
3714;105
3714;14
3714;3
3714;109
3717;26
3719;5
3719;35
3725;26
3725;19
3726;64
3726;66
3726;33
3727;105
3727;66
3727;60
3728;55
3728;4
3729;556
3731;246
3731;18
3731;26
3732;580
3733;18
3734;748
3736;8
3736;18
3736;26
3741;98
3741;4
3743;35
3743;55
3743;4
3746;324
3748;25
3751;25
3753;15
3753;3
3754;14
3754;3755
3754;19
3757;35
3757;15
3757;26
3758;3
3761;55
3762;3435
3763;57
3763;1321
3763;15
3763;26
3764;25
3765;137
3765;26
3765;3
3766;5
3767;26
3768;5
3769;26
3782;33
3784;137
3784;3619
3784;8
3784;35
3784;15
3784;66
3785;5
3785;98
3785;55
3785;18
3785;4
3785;3
3787;4
3787;9
3787;19
3787;33
3789;25
3790;25
3791;9
3792;25
3793;25
3794;3
3795;18
3796;66
3797;60
3798;3
3799;121
3800;1672
3800;334
3800;5
3800;44
3801;159
3801;19
3803;25
3806;158
3806;55
3806;19
3814;25
3815;25
3816;25
3817;25
3819;34
3819;35
3820;15
3820;3
3821;246
3821;66
3828;5
3828;9
3828;26
3828;19
3829;14
3829;26
3829;19
3830;105
3831;3
3832;18
3833;66
3833;33
3834;15
3834;18
3836;61
3836;397
3836;26
3837;8
3837;15
3838;57
3839;26
3840;35
3840;15
3840;26
3841;57
3842;34
3842;3
3842;160
3843;4
3843;3
3846;5
3846;19
3848;26
3850;150
3850;3
3851;18
3851;25
3852;35
3852;18
3853;18
3854;18
3855;57
3855;105
3855;15
3855;3
3855;19
3856;3
3856;19
3857;66
3857;527
3858;35
3859;15
3859;19
3860;55
3860;160
3863;121
3863;18
3863;4
3863;26
3863;3
3864;121
3864;18
3864;4
3864;26
3864;3
3865;1043
3867;3
3869;14
3871;4
3876;25
3877;66
3878;34
3878;26
3879;18
3879;19
3879;33
3880;25
3881;5
3888;8
3889;18
3891;121
3891;55
3891;3
3901;18
3902;25
3903;25
3907;60
3914;14
3914;15
3914;18
3922;25
3923;15
3923;18
3924;44
3924;33
3925;14
3925;15
3925;9
3926;15
3926;20
3927;121
3927;246
3927;33
3929;25
3930;18
3930;25
3931;8
3931;19
3934;25
3935;150
3935;35
3936;150
3936;35
3937;55
3943;159
3943;15
3955;5
3955;33
3956;26
3956;19
3959;121
3959;35
3959;15
3959;18
3959;9
3959;204
3959;66
3960;3
3963;35
3963;66
3964;57
3964;18
3965;26
3970;18
3970;3
3970;160
3971;77
3971;35
3971;18
3972;77
3972;35
3972;18
3973;77
3973;35
3973;18
3974;61
3974;15
3974;221
3975;15
3975;406
3978;44
3980;14
3981;34
3981;35
3981;18
3981;343
3983;35
3984;25
3988;57
3988;373
3988;59
3989;14
3989;912
3990;18
3991;57
3991;5933
3992;5
3992;19
3993;5
3997;267
4000;55
4000;3
4000;44
4002;57
4002;25
4003;18
4004;15
4006;4
4006;25
4006;3
4006;19
4008;105
4008;165
4008;44
4009;18
4010;34
4010;26
4010;109
4011;25
4013;25
4014;324
4014;15
4015;324
4015;5
4017;18
4024;34
4024;221
4024;18
4024;36
4024;26
4025;35
4025;55
4025;36
4028;5
4029;26
4029;3
4030;979
4030;216
4031;18
4032;5
4032;109
4032;1002
4034;14
4035;4047
4036;438
4037;55
4038;55
4038;19
4039;2428
4039;15
4040;14
4040;98
4041;5056
4041;18
4043;158
4044;5
4045;2220
4046;66
4048;5
4049;26
4050;33
4051;25
4052;5736
4052;44
4052;19
4053;9
4054;3
4055;18
4055;3
4057;25
4060;225
4060;14
4060;18
4061;15
4062;4063
4062;14
4062;343
4062;26
4064;121
4066;15
4067;25
4068;44
4069;98
4070;15
4070;406
4071;15
4071;419
4071;33
4075;18
4075;19
4076;14
4076;15
4077;5
4077;165
4077;19
4078;365
4079;25
4080;57
4080;419
4081;25
4082;25
4087;158
4088;14
4089;35
4089;160
4091;5
4091;26
4091;556
4091;33
4092;25
4094;25
4095;25
4096;25
4097;5
4097;18
4097;748
4097;19
4098;18
4098;748
4098;19
4099;14
4099;26
4103;14
4103;9
4104;160
4105;15
4105;18
4105;26
4106;334
4106;18
4110;15
4111;26
4112;15
4112;19
4113;26
4115;4
4120;25
4120;3
4122;55
4125;66
4125;19
4126;324
4126;15
4127;3
4129;105
4129;14
4130;15
4130;20
4131;3
4131;60
4132;26
4134;3180
4135;26
4135;3
4136;246
4136;221
4136;4
4136;9
4136;60
4137;55
4137;4
4138;26
4139;26
4140;18
4144;324
4146;14
4146;18
4147;18
4147;9
4148;26
4149;26
4151;9
4152;9
4152;26
4154;748
4155;8
4155;18
4155;3
4156;25
4162;15
4163;912
4163;3435
4164;160
4165;55
4166;105
4166;35
4166;19
4167;21
4172;18
4172;26
4173;221
4173;33
4174;8
4174;60
4177;159
4177;160
4178;3
4178;19
4179;373
4179;334
4180;25
4181;159
4181;33
4185;159
4185;15
4185;18
4185;26
4185;19
4185;20
4186;106
4186;61
4186;35
4187;25
4188;25
4192;18
4193;334
4195;2901
4195;14
4195;55
4195;26
4196;33
4197;55
4197;9
4197;60
4197;19
4203;3
4205;98
4205;15
4205;556
4208;26
4209;25
4212;57
4212;20
4213;15
4213;33
4216;35
4216;18
4216;9
4216;20
4217;4
4218;4219
4220;18
4221;5
4222;25
4223;61
4224;9
4224;26
4225;34
4225;1276
4228;246
4228;4
4228;9
4228;949
4229;15
4229;18
4231;14
4231;26
4232;25
4233;25
4235;55
4236;121
4236;26
4237;121
4237;98
4237;19
4239;55
4239;4247
4241;5
4242;35
4242;15
4243;57
4243;15
4243;144
4244;34
4244;3
4245;98
4245;4
4246;5
4246;9
4248;21
4248;26
4249;15
4250;5
4251;246
4251;722
4251;15
4251;19
4252;246
4252;66
4253;55
4253;3
4255;14
4255;19
4255;144
4257;15
4257;26
4258;121
4258;8
4258;15
4258;9
4258;66
4258;19
4258;33
4261;15
4262;15
4269;160
4269;66
4269;33
4270;748
4270;1012
4270;19
4270;20
4271;9
4272;3563
4272;2383
4272;15
4273;35
4273;4
4274;8
4274;3
4274;20
4274;110
4282;159
4282;64
4282;5
4285;224
4286;5
4286;406
4288;5
4288;26
4288;3
4289;334
4289;158
4289;25
4289;3
4289;20
4290;373
4290;14
4290;3
4291;18
4294;33
4295;3
4298;18
4299;33
4302;25
4304;159
4305;18
4306;35
4306;15
4307;26
4308;25
4309;221
4309;18
4311;61
4311;18
4313;246
4313;146
4314;35
4314;20
4315;61
4315;44
4316;18
4320;34
4320;5
4322;25
4323;35
4326;21
4326;5
4327;159
4327;5
4328;26
4329;35
4329;15
4329;18
4329;19
4332;55
4332;18
4333;55
4333;18
4333;3
4334;105
4334;8
4334;59
4334;18
4335;159
4335;3
4335;20
4336;3
4338;55
4338;1908
4339;55
4339;19
4342;15
4342;19
4342;20
4343;9
4343;26
4343;66
4348;121
4348;9
4348;25
4349;25
4350;159
4350;34
4350;146
4350;15
4350;26
4350;204
4350;972
4351;26
4351;19
4354;15
4354;25
4356;98
4356;25
4360;18
4360;2035
4362;33
4363;221
4364;60
4365;15
4365;55
4365;18
4365;4
4366;26
4366;3
4366;109
4367;150
4367;35
4367;44
4367;60
4368;15
4368;44
4369;998
4369;18
4369;60
4370;373
4370;1251
4370;55
4371;15
4371;18
4372;18
4373;14
4373;35
4373;4
4379;64
4379;8
4379;18
4379;26
4381;44
4382;55
4385;5
4385;9
4386;9
4388;159
4389;9
4389;33
4390;5
4392;25
4393;25
4394;688
4394;385
4394;15
4395;105
4395;9
4395;4720
4396;3022
4396;26
4396;144
4397;15
4397;19
4399;3
4399;19
4400;3
4400;19
4401;3
4401;19
4402;159
4402;8
4403;25
4403;19
4404;15
4405;25
4406;25
4408;105
4408;26
4409;15
4410;98
4410;3
4415;26
4416;3
4417;26
4420;26
4421;334
4422;57
4422;21
4422;34
4422;302
4422;165
4422;9
4423;55
4423;19
4423;20
4424;15
4424;55
4425;246
4425;9
4425;527
4425;19
4425;20
4426;3
4429;3
4430;25
4431;748
4431;19
4432;121
4432;5
4432;55
4432;33
4433;246
4433;3
4434;4
4435;344
4435;18
4435;9
4436;3
4440;373
4440;4063
4441;14
4441;20
4442;5
4442;60
4445;25
4446;3
4446;19
4447;18
4451;55
4452;9
4465;15
4467;26
4469;26
4472;57
4475;21
4475;34
4475;741
4475;3619
4475;4476
4475;35
4475;59
4475;18
4475;9
4475;26
4475;160
4475;60
4475;109
4475;20
4481;25
4483;9
4483;33
4485;5
4485;15
4485;26
4486;25
4487;14
4487;55
4487;580
4487;109
4489;1009
4489;35
4489;55
4489;25
4490;165
4490;26
4490;19
4494;18
4497;15
4505;25
4506;15
4506;26
4507;14
4510;3
4511;5
4511;19
4520;98
4520;15
4520;9
4527;98
4528;25
4530;159
4530;5
4530;160
4530;19
4531;14
4531;5
4531;19
4532;15
4532;66
4534;5
4534;19
4536;4872
4536;35
4541;5
4543;3
4544;35
4544;55
4545;26
4547;98
4547;1999
4551;15
4551;9
4552;25
4553;25
4554;25
4555;15
4555;26
4556;1999
4556;9
4556;33
4557;19
4558;159
4558;19
4559;25
4560;160
4561;33
4562;66
4562;19
4563;1622
4564;98
4565;98
4566;25
4567;324
4567;9
4571;9
4572;3
4573;57
4580;64
4580;15
4580;55
4580;216
4581;57
4584;15
4584;19
4592;121
4592;25
4592;66
4592;527
4594;18
4595;5
4596;25
4597;98
4597;25
4598;159
4598;19
4598;144
4599;15
4600;5
4600;185
4601;3
4611;3
4612;34
4612;35
4612;9
4612;26
4612;20
4616;9
4617;912
4618;26
4618;3
4619;9
4619;33
4620;18
4621;158
4621;15
4622;18
4622;109
4625;77
4626;1066
4626;18
4627;1066
4627;26
4628;26
4628;109
4629;55
4629;19
4630;21
4630;55
4631;35
4631;3
4633;158
4633;18
4634;25
4634;33
4635;1009
4636;9
4636;66
4637;14
4637;55
4638;121
4638;66
4639;8
4639;9
4641;4063
4643;55
4645;55
4648;26
4649;5
4649;19
4650;159
4650;246
4650;527
4652;26
4655;18
4656;4
4656;3
4657;4
4658;18
4659;5
4660;148
4665;15
4666;26
4666;3
4667;26
4667;3
4668;57
4668;55
4668;9
4668;3
4669;19
4670;105
4670;14
4670;15
4670;20
4671;5
4671;98
4671;160
4672;26
4673;34
4673;165
4673;388
4673;26
4674;57
4676;25
4677;25
4678;25
4679;25
4680;25
4681;25
4682;25
4683;25
4684;25
4685;25
4686;25
4687;25
4688;25
4689;25
4690;25
4691;25
4692;25
4693;25
4694;25
4695;25
4696;25
4697;25
4698;25
4699;36
4699;1999
4700;57
4700;121
4701;15
4702;55
4702;25
4703;55
4703;25
4704;55
4704;25
4705;55
4705;9
4706;1665
4706;55
4707;18
4710;8
4710;35
4712;5
4712;44
4712;33
4713;25
4716;5
4717;334
4717;18
4717;60
4718;159
4718;160
4718;19
4719;55
4721;5
4722;57
4722;225
4722;15
4722;18
4722;44
4723;55
4723;3
4724;25
4725;18
4726;324
4726;158
4727;44
4728;5
4729;25
4730;972
4731;25
4732;25
4733;246
4733;35
4733;60
4733;110
4748;98
4748;26
4749;60
4750;159
4750;5
4750;18
4751;26
4752;33
4753;5
4754;5
4755;55
4756;14
4757;55
4759;4
4759;44
4760;15
4761;14
4761;15
4764;5
4764;35
4765;18
4765;4874
4765;25
4768;26
4769;14
4770;19
4772;5
4772;19
4773;25
4775;25
4776;25
4777;18
4779;26
4780;35
4780;55
4780;19
4781;14
4781;527
4781;19
4782;4
4782;9
4784;18
4785;19
4786;9
4788;246
4788;15
4788;55
4789;26
4790;246
4792;5
4792;35
4792;18
4793;105
4794;8
4795;246
4795;9
4795;580
4795;66
4797;55
4798;19
4798;20
4799;25
4800;25
4801;25
4802;25
4803;25
4804;25
4805;25
4806;25
4807;25
4808;25
4809;25
4810;25
4813;64
4813;5
4813;15
4813;66
4815;5
4816;25
4817;14
4818;1672
4818;158
4818;18
4819;26
4821;18
4822;57
4822;26
4822;19
4824;3
4824;19
4826;66
4826;60
4826;19
4827;5
4827;19
4829;14
4829;26
4830;57
4830;5
4830;722
4830;809
4830;580
4831;66
4832;121
4833;5
4835;25
4836;25
4837;25
4840;25
4842;105
4842;137
4842;14
4842;15
4849;165
4849;912
4851;4872
4851;9
4852;55
4852;19
4853;158
4853;55
4853;3
4856;18
4858;18
4858;33
4859;25
4860;159
4860;5
4860;66
4860;19
4862;9
4862;527
4864;5
4864;15
4864;912
4864;26
4864;556
4865;25
4866;406
4866;3
4867;18
4867;9
4869;64
4871;21
4871;15
4871;26
4871;66
4875;33
4876;15
4877;580
4879;15
4880;158
4880;9
4883;25
4884;18
4885;66
4886;18
4887;159
4888;15
4889;34
4890;26
4891;105
4891;55
4901;25
4903;25
4904;25
4907;26
4908;3
4909;15
4909;18
4910;105
4910;146
4910;35
4910;9
4910;2354
4910;3
4910;19
4910;33
4910;20
4912;19
4914;5
4916;35
4916;15
4917;159
4917;105
4917;19
4917;33
4918;64
4918;18
4919;25
4920;61
4921;15
4922;25
4923;912
4923;33
4923;1002
4924;25
4925;121
4925;15
4925;9
4927;15
4928;3022
4933;246
4933;158
4933;66
4933;527
4934;57
4935;15
4935;18
4941;25
4942;25
4943;25
4944;25
4945;25
4946;25
4948;25
4951;18
4952;302
4952;221
4956;18
4956;19
4956;20
4960;25
4961;57
4965;98
4965;35
4966;18
4966;66
4969;21
4969;98
4969;44
4969;3386
4970;105
4970;35
4971;34
4972;35
4972;55
4972;33
4973;25
4974;55
4976;3386
4977;150
4977;8
4977;5
4977;61
4977;15
4977;18
4977;26
4978;25
4981;55
4982;18
4982;19
4983;246
4983;26
4983;66
4984;25
4985;34
4985;106
4985;26
4988;159
4988;1043
4988;150
4988;1276
4988;5
4988;9
4988;160
4988;66
4988;19
4988;144
4988;33
4989;35
4989;18
4989;3
4990;25
4992;57
4992;14
4992;15
4992;9
4992;748
4992;204
4992;19
4992;20
4994;4
4994;25
4994;26
4995;4
4995;26
4996;159
4996;33
4997;25
5000;344
5000;9
5001;14
5002;105
5002;19
5003;35
5003;25
5004;246
5004;5
5005;9
5005;44
5005;33
5013;25
5014;3
5015;25
5016;121
5016;18
5016;19
5018;9
5018;33
5019;25
5020;15
5021;25
5022;66
5023;25
5025;25
5026;25
5027;105
5027;14
5027;15
5029;25
5030;25
5031;25
5032;25
5033;18
5034;18
5035;8
5035;5
5037;5
5039;35
5039;59
5040;25
5040;198
5041;34
5041;26
5048;55
5048;18
5049;18
5049;4720
5052;5
5052;3
5053;18
5053;20
5055;25
5057;26
5060;61
5060;18
5060;44
5061;34
5061;1549
5062;15
5063;121
5063;20
5064;246
5064;18
5065;33
5067;57
5068;33
5079;5
5080;25
5081;25
5082;25
5083;35
5083;9
5083;3
5084;25
5085;5
5085;19
5086;55
5086;20
5087;18
5087;9
5090;14
5090;158
5090;55
5090;60
5099;18
5099;33
5100;57
5100;18
5101;35
5101;3
5101;19
5102;25
5104;14
5104;160
5105;25
5106;15
5107;25
5111;21
5111;35
5111;55
5112;5
5113;5
5113;55
5113;19
5115;61
5115;60
5116;57
5123;1321
5123;15
5123;18
5123;9
5123;26
5124;5
5124;44
5124;19
5125;137
5125;8
5125;35
5125;15
5125;59
5126;3
5127;55
5128;14
5128;15
5128;66
5132;98
5132;55
5132;3
5133;159
5133;26
5136;18
5137;15
5138;18
5140;8
5140;18
5141;137
5141;8
5142;18
5142;9
5143;66
5144;34
5144;26
5144;109
5145;324
5145;35
5147;57
5147;9
5147;25
5147;33
5164;9
5164;3
5166;14
5166;19
5168;36
5168;19
5169;98
5169;4
5170;35
5170;15
5171;61
5171;3
5172;26
5175;55
5176;26
5185;137
5185;15
5185;224
5187;25
5187;19
5187;20
5188;98
5188;35
5188;55
5188;4
5193;26
5194;25
5195;15
5195;19
5197;5
5210;5217
5210;34
5210;3
5211;25
5212;25
5214;580
5216;105
5216;21
5216;5217
5216;8
5216;5
5216;15
5216;55
5216;60
5218;57
5219;5228
5220;18
5221;9
5221;66
5224;4
5225;121
5225;246
5225;527
5226;57
5226;64
5226;8
5227;5
5229;35
5229;25
5230;35
5230;55
5230;3
5232;105
5232;55
5233;5
5233;98
5234;8
5234;221
5235;21
5235;3
5236;25
5237;25
5238;57
5238;722
5240;57
5240;160
5240;66
5241;159
5241;419
5241;18
5241;9
5242;159
5242;105
5242;66
5242;33
5243;34
5243;26
5243;3
5244;57
5244;15
5244;9
5244;26
5244;19
5245;3
5246;59
5248;9
5248;33
5249;15
5254;1555
5255;912
5256;35
5256;3
5257;580
5258;26
5258;109
5259;98
5259;406
5260;98
5260;20
5261;105
5261;246
5261;9
5262;5
5262;18
5263;18
5264;246
5264;9
5273;25
5283;8
5283;438
5284;4
5290;35
5291;25
5292;146
5292;18
5292;3
5295;25
5296;18
5298;98
5298;35
5299;34
5300;15
5300;204
5301;25
5302;21
5302;3
5306;1043
5306;19
5306;20
5309;26
5311;55
5311;3
5312;5
5312;15
5312;18
5312;26
5313;15
5314;14
5315;246
5315;9
5315;66
5316;25
5316;267
5320;5
5320;18
5321;25
5326;748
5326;19
5331;5217
5331;98
5331;35
5331;55
5331;3
5331;109
5332;18
5334;35
5334;3
5335;35
5335;4
5335;19
5336;35
5336;4
5336;19
5344;5
5345;158
5345;15
5345;55
5346;150
5346;8
5346;18
5346;9
5346;109
5347;20
5349;25
5351;35
5351;4
5352;98
5353;25
5354;15
5359;33
5360;25
5362;25
5363;121
5363;66
5364;160
5365;57
5365;121
5371;105
5371;9
5372;15
5373;20
5375;18
5375;26
5375;66
5376;34
5376;26
5377;105
5377;14
5378;3178
5378;144
5379;1043
5379;748
5379;19
5380;57
5380;3
5380;580
5381;57
5381;580
5382;25
5384;57
5384;14
5384;3022
5384;9
5385;9
5386;18
5387;159
5387;5
5387;25
5388;59
5389;8
5389;15
5390;5
5390;61
5390;44
5391;57
5391;5
5391;18
5394;25
5395;25
5396;25
5397;121
5398;55
5398;9
5399;18
5400;3
5401;3022
5401;25
5401;19
5402;25
5403;35
5403;3
5404;35
5404;60
5405;8
5405;35
5407;35
5407;18
5408;15
5408;26
5409;146
5409;15
5411;26
5412;15
5412;26
5412;19
5413;3
5413;60
5419;55
5419;144
5420;26
5420;109
5423;5
5424;98
5432;5
5432;15
5432;18
5432;19
5432;20
5437;34
5437;35
5437;3
5437;19
5438;14
5438;15
5438;9
5438;3
5439;25
5442;26
5443;14
5443;2428
5443;15
5443;18
5443;26
5443;19
5444;105
5444;14
5444;385
5444;15
5444;26
5444;19
5445;246
5445;18
5445;66
5446;14
5449;26
5450;246
5451;26
5455;35
5455;26
5456;25
5457;14
5457;9
5457;160
5458;3563
5458;131
5458;20
5459;334
5459;34
5459;20
5460;55
5465;3
5465;19
5472;26
5474;246
5474;5
5474;33
5479;121
5479;19
5480;9
5480;66
5482;35
5482;3
5483;5
5483;722
5483;15
5483;267
5484;35
5484;60
5486;25
5486;26
5487;25
5487;26
5488;5
5488;9
5488;25
5488;26
5488;19
5488;20
5489;33
5490;26
5490;160
5490;66
5492;33
5494;9
5494;26
5504;159
5504;580
5505;159
5505;580
5506;5
5506;18
5507;221
5507;18
5507;2785
5508;3
5509;66
5509;33
5512;15
5514;98
5514;55
5514;9
5520;3022
5520;15
5520;9
5537;5539
5537;55
5540;121
5540;64
5540;18
5540;66
5541;15
5542;748
5542;20
5543;246
5544;57
5550;57
5550;20
5551;26
5551;20
5553;55
5553;19
5554;26
5554;20
5555;14
5556;144
5557;4
5558;18
5560;64
5560;18
5565;105
5565;33
5566;55
5566;9
5566;66
5568;18
5568;26
5569;334
5569;3
5572;25
5573;25
5574;15
5574;26
5575;14
5575;15
5575;18
5575;26
5575;19
5576;246
5576;15
5576;18
5576;66
5576;33
5577;121
5577;66
5577;33
5578;55
5579;121
5579;66
5580;105
5580;33
5581;2803
5581;160
5582;8
5582;55
5583;20
5584;55
5585;3
5586;25
5587;25
5592;246
5592;66
5592;33
5593;4063
5594;34
5594;8
5597;57
5598;109
5599;15
5600;18
5605;98
5605;19
5606;25
5607;14
5607;9
5608;18
5612;121
5612;527
5612;33
5632;912
5637;121
5642;3
5643;159
5643;19
5668;21
5668;26
5670;34
5670;26
5670;20
5693;15
5693;18
5694;18
5694;25
5694;19
5699;15
5699;3
5701;66
5703;137
5703;35
5706;137
5709;200
5709;25
5709;3
5709;19
5710;35
5710;158
5710;9
5711;14
5712;18
5712;25
5713;35
5713;4
5716;5
5716;19
5717;5
5718;15
5718;221
5719;26
5719;19
5720;21
5720;77
5720;5
5720;44
5720;1002
5724;32
5724;9
5724;3
5725;5
5726;4
5726;33
5727;35
5727;158
5727;55
5728;57
5729;57
5729;55
5729;3
5730;57
5730;66
5730;60
5737;1276
5737;302
5737;26
5737;3
5738;25
5743;14
5743;8
5743;35
5743;20
5750;14
5750;55
5751;19
5752;14
5752;18
5753;26
5755;137
5755;18
5755;25
5755;19
5756;3
5760;55
5763;26
5765;15
5765;18
5768;9
5768;66
5774;14
5775;5
5775;35
5775;221
5775;9
5782;66
5782;19
5783;373
5783;35
5787;33
5788;8
5788;15
5788;25
5789;57
5790;15
5790;144
5791;14
5791;3
5792;66
5792;33
5794;57
5794;64
5795;121
5795;9
5796;5
5796;9
5798;15
5798;66
5799;61
5800;9
5801;15
5801;9
5802;25
5803;34
5804;25
5805;14
5805;26
5805;19
5811;246
5811;15
5811;26
5811;19
5812;5
5813;15
5814;15
5814;18
5816;35
5816;3
5817;98
5818;4
5822;4063
5822;343
5823;15
5824;105
5824;121
5826;57
5826;5
5826;15
5826;18
5827;106
5827;14
5827;26
5828;106
5828;8
5828;25
5828;26
5829;25
5830;55
5830;3
5841;3
5842;15
5842;19
5844;14
5847;5
5847;15
5848;14
5848;20
5849;5
5849;60
5851;9
5852;14
5855;14
5855;9
5856;33
5858;146
5860;15
5862;9
5862;26
5863;3
5865;26
5866;5
5866;66
5868;127
5868;60
5870;121
5870;19
5871;57
5871;9
5872;741
5872;3
5873;246
5874;5
5874;19
5875;57
5877;98
5877;3
5878;5
5880;18
5880;127
5880;1002
5881;18
5881;20
5882;3435
5883;121
5883;9
5886;5
5886;66
5886;19
5886;20
5887;14
5887;66
5887;33
5889;21
5889;18
5890;98
5891;18
5892;5
5892;18
5892;26
5892;109
5893;121
5893;66
5893;33
5894;55
5895;35
5895;15
5895;19
5896;159
5896;106
5896;26
5897;334
5897;5
5897;425
5898;9
5898;26
5898;44
5899;25
5900;57
5900;121
5907;57
5907;15
5908;57
5908;20
5909;15
5909;9
5910;26
5911;26
5911;20
5913;9
5913;66
5918;35
5918;18
5918;19
5920;5
5921;9
5925;121
5925;66
5925;33
5926;26
5927;25
5928;5
5929;18
5930;159
5930;14
5930;98
5930;35
5930;55
5930;3
5930;110
5932;5933
5932;4
5934;66
5934;33
5935;34
5935;2899
5936;18
5942;26
5951;246
5951;66
5951;33
5955;3
5956;98
5956;18
5956;20
5957;121
5958;26
5965;5
5966;14
5966;9
5968;57
5968;912
5971;5
5972;5
5973;8
5973;18
5973;66
5974;15
5974;18
5977;25
5978;55
5978;3
5980;3
5982;150
5982;25
5982;26
5983;18
5983;9
5983;110
5984;1672
5984;55
5984;18
5985;15
5986;121
5986;9
5987;25
5989;25
5990;25
5992;15
5993;25
5994;14
5994;912
5994;204
6000;2900
6001;18
6002;18
6003;3
6009;373
6009;4
6014;25
6017;158
6020;26
6020;19
6021;57
6021;19
6023;25
6024;15
6026;14
6026;5
6026;160
6026;19
6031;159
6031;15
6031;19
6032;159
6032;18
6032;9
6034;159
6036;98
6037;15
6037;18
6039;25
6041;25
6043;26
6044;5
6045;55
6045;25
6049;55
6049;25
6050;55
6050;25
6051;55
6051;25
6056;57
6056;21
6056;324
6056;397
6056;35
6056;15
6056;343
6056;1002
6057;25
6060;59
6060;18
6060;3
6060;19
6060;109
6066;150
6066;34
6072;25
6073;246
6074;15
6074;1059
6074;20
6080;15
6083;14
6083;66
6088;18
6089;334
6090;1276
6090;109
6091;61
6091;25
6093;57
6093;55
6095;3
6100;159
6100;105
6100;1043
6100;5
6100;66
6100;33
6100;949
6109;25
6114;15
6114;66
6117;8
6117;18
6118;35
6118;9
6118;3
6118;66
6118;527
6118;33
6119;14
6119;406
6119;44
6120;302
6120;221
6124;159
6124;14
6124;77
6124;543
6124;26
6124;204
6124;60
6124;144
6124;1002
6125;9
6125;26
6126;5
6127;98
6128;26
6129;150
6129;26
6130;5
6135;105
6135;8
6135;15
6135;9
6136;64
6136;18
6137;33
6138;33
6139;55
6140;5
6150;105
6150;26
6151;3
6152;14
6152;55
6152;9
6152;19
6159;150
6159;15
6159;18
6159;26
6159;44
6160;57
6160;77
6160;5
6160;18
6161;25
6162;5
6163;98
6163;19
6164;3022
6164;15
6165;21
6165;35
6165;18
6167;5
6167;18
6168;6171
6168;26
6169;5
6170;35
6170;438
6172;159
6172;15
6172;33
6173;33
6175;18
6178;26
6178;19
6179;57
6179;77
6180;105
6180;8
6180;9
6180;44
6181;912
6181;20
6182;105
6182;14
6182;5
6182;18
6182;160
6183;15
6184;26
6185;159
6185;334
6185;8
6185;19
6185;20
6186;159
6186;2901
6186;26
6187;33
6188;15
6189;26
6190;57
6191;57
6191;5
6191;9
6192;14
6193;25
6198;33
6199;35
6199;26
6199;109
6200;55
6200;18
6201;5
6206;9
6206;66
6209;34
6209;35
6209;59
6210;26
6210;20
6211;25
6212;25
6213;98
6213;3
6214;18
6214;9
6215;159
6215;34
6215;14
6215;5
6215;15
6215;9
6215;26
6216;146
6216;3
6217;18
6217;19
6218;18
6220;25
6222;3
6223;57
6223;406
6224;25
6225;25
6232;55
6232;18
6233;5
6233;18
6233;20
6234;334
6234;3
6234;185
6236;25
6237;26
6238;8
6238;5
6238;25
6239;98
6239;419
6239;55
6239;44
6239;160
6241;19
6242;26
6242;3
6243;19
6244;35
6244;15
6244;25
6246;5
6247;15
6247;33
6248;26
6249;334
6249;34
6251;15
6251;18
6251;9
6252;5
6253;21
6253;109
6255;57
6255;34
6255;106
6255;18
6255;109
6256;15
6256;9
6257;14
6257;26
6258;15
6259;121
6259;66
6260;246
6261;14
6261;35
6261;204
6261;19
6262;1549
6262;35
6262;302
6262;6265
6262;3
6263;35
6263;3
6263;60
6263;19
6264;35
6264;15
6268;57
6269;64
6270;137
6270;35
6270;19
6272;158
6272;18
6274;105
6274;14
6275;121
6275;15
6276;8
6276;5
6277;15
6278;5
6278;9
6278;26
6279;5
6284;26
6285;26
6286;26
6287;334
6287;5
6287;26
6288;26
6296;15
6298;121
6298;26
6301;57
6301;9
6301;66
6302;55
6302;19
6303;21
6303;221
6304;1251
6307;25
6308;57
6308;77
6309;26
6311;25
6312;25
6313;159
6313;105
6313;18
6316;25
6319;25
6321;18
6321;9
6321;33
6323;25
6330;5
6331;8
6332;66
6334;57
6334;66
6335;57
6336;15
6337;25
6338;25
6339;25
6340;385
6340;35
6340;6341
6340;109
6342;334
6342;59
6342;580
6342;885
6343;8
6343;35
6343;15
6343;419
6343;885
6343;3386
6345;57
6346;66
6346;127
6347;55
6348;19
6349;9
6350;5
6351;25
6352;57
6353;18
6354;121
6354;9
6355;33
6356;25
6357;9
6358;15
6360;3
6361;18
6361;19
6362;15
6362;3
6363;26
6364;246
6365;57
6366;98
6367;25
6368;25
6369;121
6369;18
6370;204
6371;5
6372;5
6373;18
6374;66
6375;18
6376;25
6377;4476
6377;18
6377;19
6378;34
6378;26
6379;66
6380;4063
6381;15
6381;9
6382;18
6383;34
6383;26
6384;25
6387;2901
6387;221
6388;44
6389;66
6390;18
6390;33
6391;6481
6391;66
6393;121
6393;66
6394;15
6394;55
6394;25
6394;3
6394;1908
6395;25
6396;66
6397;15
6397;18
6397;25
6398;246
6398;18
6398;19
6400;57
6400;15
6400;66
6401;25
6402;5
6402;344
6403;57
6404;8
6404;66
6406;121
6406;20
6408;5
6409;14
6409;9
6409;556
6409;33
6410;26
6411;25
6411;748
6417;159
6417;32
6417;1276
6417;158
6417;127
6418;324
6418;15
6418;19
6419;158
6420;18
6421;158
6421;18
6421;19
6426;146
6426;5
6426;35
6428;55
6428;9
6428;60
6428;33
6429;9
6430;5
6430;9
6430;19
6430;33
6431;373
6431;8
6431;18
6431;26
6432;18
6432;25
6433;14
6434;15
6435;18
6446;25
6447;3
6453;6454
6453;105
6453;722
6453;15
6453;580
6453;1059
6453;562
6453;33
6455;14
6456;26
6458;34
6458;26
6459;4
6459;972
6460;55
6460;33
6461;34
6461;3
6462;15
6463;15
6464;580
6465;34
6465;3
6466;55
6466;9
6467;66
6467;33
6468;18
6469;18
6470;66
6471;15
6471;18
6472;18
6472;66
6473;159
6474;18
6483;35
6483;55
6483;9
6484;35
6484;55
6484;9
6485;3
6486;55
6487;26
6488;1251
6488;9
6488;26
6489;5
6490;77
6490;998
6490;979
6490;110
6491;5
6491;98
6491;35
6495;159
6495;556
6497;105
6497;14
6499;21
6499;55
6499;18
6499;3
6502;55
6502;110
6504;14
6505;57
6508;15
6508;26
6509;25
6510;15
6511;26
6512;9
6513;9
6513;949
6519;55
6519;3435
6520;18
6522;158
6522;55
6522;19
6524;121
6524;9
6524;66
6524;76
6524;33
6525;55
6527;57
6527;127
6527;19
6527;20
6528;5
6528;19
6530;106
6530;15
6535;324
6535;19
6536;324
6536;406
6536;580
6537;48
6537;19
6551;35
6552;15
6552;19
6553;26
6553;3
6556;15
6556;44
6562;33
6576;4476
6576;15
6579;55
6580;26
6580;6581
6582;8
6583;159
6585;15
6586;15
6586;55
6587;32
6589;5
6589;15
6593;105
6593;5
6593;18
6597;15
6597;18
6597;109
6598;19
6598;109
6599;159
6599;158
6599;20
6600;7710
6600;3
6601;3
6602;15
6602;19
6602;267
6605;5
6605;15
6606;5
6606;15
6607;146
6607;15
6607;9
6609;57
6609;159
6609;15
6609;18
6609;9
6609;20
6610;19
6611;15
6611;18
6611;19
6611;7724
6614;15
6622;1672
6622;5
6622;15
6622;419
6622;9
6622;19
6628;159
6628;2768
6633;18
6633;1908
6634;121
6634;246
6634;15
6634;19
6638;4
6638;19
6640;2864
6641;159
6641;9
6641;33
6643;61
6645;146
6645;19
6648;66
6649;5
6649;19
6650;15
6650;26
6653;18
6656;3
6658;105
6658;15
6665;15
6665;19
6665;267
6666;18
6672;15
6675;19
6676;55
6676;3
6677;912
6678;1013
6679;204
6681;246
6685;2345
6686;14
6686;55
6686;66
6687;159
6687;438
6691;55
6699;19
6701;159
6701;15
6701;19
6701;20
6714;246
6714;18
6714;124
6720;14
6720;18
6720;20
6727;137
6727;14
6735;5
6735;55
6736;26
6737;55
6737;3
6738;246
6738;66
6739;165
6749;18
6752;15
6752;26
6756;105
6756;18
6757;438
6758;159
6758;4
6758;2035
6765;105
6765;5
6765;61
6765;35
6765;19
6766;8
6766;98
6766;61
6767;57
6767;34
6767;8
6767;26
6776;15
6777;15
6779;324
6793;21
6793;15
6793;1087
6793;19
6795;15
6797;144
6798;55
6798;580
6801;15
6801;19
6802;14
6802;55
6802;3
6802;19
6819;26
6820;14
6821;246
6821;9
6850;18
6855;159
6855;2367
6855;55
6855;66
6855;144
6855;185
6856;55
6856;20
6858;105
6858;324
6858;15
6858;55
6858;109
6858;2785
6871;26
6877;3
6877;160
6878;246
6879;121
6879;9
6881;26
6881;20
6882;5
6882;35
6882;66
6883;3
6885;26
6886;18
6886;26
6887;15
6892;57
6892;5
6892;33
6895;8
6895;18
6896;57
6897;26
6898;146
6898;19
6902;580
6904;5
6904;19
6905;5
6905;9
6906;688
6906;385
6907;5
6907;35
6907;18
6907;26
6908;15
6908;9
6909;15
6909;19
6910;55
6910;18
6910;19
6910;20
6911;5
6912;324
6912;5
6912;33
6914;15
6914;20
6915;15
6916;5
6916;748
6916;19
6921;15
6921;20
6923;26
6924;15
6924;33
6927;580
6934;8
6937;324
6937;26
6938;26
6938;20
6948;15
6948;26
6949;5
6950;121
6950;15
6951;26
6968;18
6969;33
6970;150
6970;66
6971;26
6972;159
6972;15
6973;57
6973;9
6974;5
6974;55
6974;19
6975;105
6975;150
6975;15
6976;246
6977;26
6978;15
6979;57
6979;55
6979;127
6985;35
6985;9
6985;33
6986;18
6986;19
6988;26
6989;55
6989;66
6990;15
6990;18
6990;26
6991;15
6993;26
7000;334
7000;61
7000;20
7001;4476
7002;15
7004;15
7005;15
7005;144
7006;26
7010;5
7010;35
7012;18
7012;66
7013;66
7016;15
7016;19
7017;26
7022;5
7022;20
7024;121
7024;5
7024;66
7025;57
7026;57
7027;66
7027;20
7028;64
7034;4476
7034;26
7035;26
7035;19
7037;33
7040;26
7040;66
7041;19
7042;949
7045;5
7045;20
7046;26
7047;15
7048;246
7048;5
7048;15
7048;3
7048;19
7048;20
7050;158
7050;3
7057;55
7057;9
7057;66
7058;15
7059;18
7063;3
7064;246
7064;165
7064;580
7074;15
7076;3
7080;15
7082;3
7083;748
7083;1707
7084;98
7085;57
7085;105
7086;34
7086;1321
7086;26
7087;26
7091;5
7091;66
7093;26
7094;5
7094;44
7100;18
7120;246
7120;15
7120;18
7120;33
7121;26
7122;9
7122;19
7130;246
7130;385
7131;748
7131;19
7132;15
7136;26
7140;204
7140;438
7145;246
7145;55
7147;3
7148;66
7149;35
7150;19
7160;246
7160;66
7162;19
7163;18
7164;121
7165;25
7168;15
7168;18
7168;26
7169;14
7169;18
7169;949
7170;21
7170;3
7173;25
7199;18
7202;26
7202;160
7203;25
7204;25
7205;26
7205;160
7213;57
7213;9
7215;14
7215;26
7215;19
7219;324
7219;35
7219;19
7222;26
7224;324
7224;44
7225;121
7225;98
7225;20
7236;15
7237;18
7238;18
7239;25
7241;334
7241;19
7242;34
7242;324
7253;57
7257;55
7257;3
7257;19
7258;18
7261;26
7266;55
7267;912
7267;26
7268;3
7268;19
7269;3
7269;19
7270;3
7270;19
7271;159
7271;15
7272;105
7272;19
7272;33
7273;15
7273;580
7278;14
7279;15
7281;105
7281;14
7284;34
7284;18
7285;34
7285;18
7286;26
7294;18
7295;66
7296;150
7296;18
7298;25
7300;18
7300;4
7301;57
7302;9
7303;3
7303;66
7304;57
7304;1276
7306;3
7307;14
7310;18
7315;18
7317;15
7317;26
7321;18
7326;26
7327;15
7328;15
7330;3
7334;137
7334;8
7334;35
7334;55
7336;35
7336;18
7337;15
7338;26
7348;57
7349;9
7349;33
7351;26
7351;20
7361;324
7361;221
7361;55
7362;334
7363;19
7363;33
7364;26
7366;15
7367;26
7370;324
7370;26
7371;580
7372;26
7373;18
7374;722
7374;972
7375;3
7376;25
7377;5
7378;5
7378;9
7378;33
7378;20
7379;26
7380;9
7381;25
7382;25
7383;105
7383;35
7383;15
7383;26
7383;19
7383;109
7383;33
7384;246
7385;15
7386;9
7386;66
7387;26
7388;26
7389;18
7391;66
7394;26
7395;34
7395;33
7396;34
7397;15
7397;18
7398;66
7399;14
7400;5
7400;35
7401;5
7401;35
7402;9
7402;949
7407;14
7407;26
7407;20
7408;1059
7410;15
7410;9
7411;15
7411;9
7413;15
7413;26
7414;150
7414;3
7415;55
7419;14
7419;55
7419;9
7419;3
7422;137
7422;55
7422;19
7437;246
7439;35
7439;15
7440;324
7440;20
7444;35
7444;18
7444;26
7447;15
7448;14
7449;5
7450;25
7451;15
7452;1271
7452;26
7453;14
7453;748
7454;19
7455;246
7456;18
7457;9
7458;105
7459;33
7460;18
7462;5
7463;26
7463;19
7466;159
7466;18
7467;26
7468;57
7468;66
7469;26
7469;19
7471;21
7471;34
7473;15
7474;406
7474;556
7475;4
7475;33
7482;26
7483;3
7484;15
7495;25
7496;26
7497;21
7497;34
7498;14
7498;77
7499;77
7499;15
7500;77
7500;18
7501;77
7501;324
7501;18
7502;324
7502;15
7502;26
7503;26
7504;14
7504;324
7505;26
7506;121
7506;5
7507;324
7507;15
7508;5
7508;26
7509;77
7509;110
7510;324
7510;15
7511;105
7511;14
7511;18
7512;18
7513;35
7513;15
7514;121
7515;15
7515;26
7516;15
7517;121
7517;66
7518;26
7518;3
7519;159
7519;15
7519;26
7521;246
7522;246
7522;15
7523;25
7524;64
7524;109
7525;137
7525;324
7525;15
7526;26
7527;137
7527;35
7528;159
7528;246
7529;64
7529;66
7531;35
7532;77
7532;35
7533;33
7534;15
7534;26
7535;5
7537;324
7537;26
7539;26
7540;33
7541;105
7541;35
7542;15
7543;57
7544;34
7545;15
7545;26
7547;25
7554;26
7555;8
7555;18
7556;25
7557;15
7558;324
7558;19
7559;35
7559;15
7560;21
7561;35
7561;15
7561;18
7561;26
7562;26
7567;105
7567;15
7568;5
7568;26
7569;324
7569;33
7572;5
7573;324
7574;77
7574;998
7601;324
7601;26
7602;15
7602;66
7604;15
7605;15
7606;15
7612;18
7619;26
7620;26
7621;26
7636;35
7636;19
7638;15
7638;26
7643;121
7643;18
7643;9
7650;26
7651;25
7652;5
7652;18
7652;9
7656;15
7656;25
7657;14
7657;15
7657;19
7658;972
7659;165
7659;3386
7662;5
7669;246
7669;5
7669;160
7672;5
7672;15
7672;26
7673;15
7674;26
7674;109
7675;15
7676;5
7680;25
7681;25
7682;25
7683;25
7684;55
7684;7689
7685;55
7685;7689
7686;55
7686;7689
7687;55
7687;7689
7688;55
7688;7689
7690;57
7690;18
7692;15
7692;26
7693;5
7694;19
7695;55
7696;34
7696;3
7697;66
7698;5
7699;19
7700;55
7700;44
7702;18
7705;55
7705;19
7712;5
7714;25
7715;57
7715;246
7715;19
7716;25
7718;15
7718;18
7718;19
7718;7724
7719;15
7719;20
7721;25
7722;25
7723;25
7725;21
7725;34
7725;9
7725;26
7728;25
7738;57
7738;3178
7739;105
7739;55
7740;55
7740;748
7742;15
7742;19
7743;25
7747;7746
7747;20
7748;5
7748;55
7749;15
7749;19
7750;25
7751;25
7752;25
7753;55
7757;5
7757;35
7758;35
7758;55
7759;998
7759;61
7759;4
7759;60
7760;55
7760;66
7761;3
7761;76
7762;25
7765;4
7765;9
7765;19
7767;44
7767;109
7768;3
7771;3
7774;2803
7774;26
7777;225
7777;344
7777;18
7777;9
7778;19
7783;1276
7784;25
7785;19
7789;61
7789;66
7790;55
7791;55
7793;25
7794;5
7794;19
7795;972
7796;3
7797;4720
7798;5
7798;19
7799;3
7802;14
7803;5
7804;66
7805;8
7805;5
7805;66
7812;35
7812;55
7812;59
7812;19
7824;3
7826;3
7827;159
7827;15
7828;26
7829;5
7830;25
7831;25
7832;105
7832;26
7833;159
7833;18
7834;15
7834;9
7835;15
7836;343
7836;9
7839;365
7839;55
7839;26
7839;109
7841;66
7841;527
7844;55
7845;14
7846;912
7851;18
7861;66
7871;15
7871;18
7881;44
7882;98
7883;55
7887;35
7887;110
7888;57
7889;55
7890;106
7890;146
7890;18
7891;57
7891;21
7891;146
7901;998
7901;60
7902;4
7904;5
7904;20
7910;18
7910;9
7910;3
7911;26
7911;20
7912;25
7917;25
7918;20
7921;14
7922;18
7923;32
7923;33
7924;972
7925;66
7927;365
7927;324
7927;4
7928;905
7931;98
7932;158
7933;26
7934;35
7934;15
7934;905
7935;26
7936;3
7937;105
7937;18
7940;246
7942;25
7943;25
7944;25
7945;5
7945;419
7945;55
7945;44
7946;373
7946;748
7946;44
7946;19
7947;55
7947;20
7948;121
7948;246
7948;25
7949;25
7949;3
7950;55
7951;246
7951;3
7951;66
7951;527
7954;55
7956;18
7956;26
7957;34
7957;15
7957;18
7957;9
7957;26
7957;44
7958;35
7958;44
7959;32
7959;25
7960;905
7960;60
7961;3
7962;55
7963;55
7964;3
7964;19
7966;34
7968;14
7968;18
7968;44
7968;19
7975;55
7976;26
7977;5
7978;18
7979;4
7980;15
7981;121
7981;106
7981;55
7981;3
7982;55
7982;66
7983;15
7983;9
7985;57
7985;106
7986;15
7987;106
7987;3
7988;4
7988;33
7989;3
7990;3
7992;14
7992;15
7993;25
7999;556
7999;66
8000;121
8000;9
8005;18
8007;57
8007;144
8008;4063
8008;15
8011;34
8017;5
8023;26
8023;66
8024;34
8024;3
8028;18
8029;15
8030;3
8032;26
8036;8037
8036;5
8038;26
8038;109
8039;18
8045;18
8045;26
8049;25
8050;15
8050;26
8051;26
8051;60
8052;5
8053;66
8054;121
8054;34
8055;35
8055;15
8061;66
8061;527
8061;33
8063;57
8063;121
8064;15
8065;55
8066;18
8067;25
8068;18
8068;9
8070;33
8071;334
8071;21
8072;26
8072;527
8077;3
8079;121
8079;15
8079;6322
8079;8078
8080;25
8084;18
8084;26
8089;57
8091;14
8091;9
8091;66
8111;5
8111;15
8111;55
8111;1908
8119;55
8124;15
8124;66
8124;1908
8124;3386
8128;5
8129;15
8129;19
8130;9
8130;33
8131;150
8131;18
8132;26
8133;9
8133;33
8134;5
8135;18
8136;57
8136;580
8144;35
8144;15
8144;20
8145;20
8146;15
8147;35
8147;15
8147;20
8148;26
8149;34
8149;146
8149;19
8150;5
8150;9
8150;33
8151;144
8169;15
8170;15
8171;912
8171;26
8172;25
8173;26
8174;246
8175;15
8179;5
8179;19
8180;26
8183;18
8184;18
8185;373
8185;14
8185;324
8185;18
8187;15
8187;18
8188;159
8188;18
8194;109
8195;34
8195;19
8196;18
8197;137
8198;150
8198;137
8199;4
8200;5
8200;15
8200;18
8200;26
8201;105
8201;98
8201;3
8202;66
8203;18
8203;9
8204;5
8211;920
8213;5
8213;8212
8214;55
8214;44
8219;98
8221;33
8222;18
8223;15
8224;18
8228;57
8229;98
8230;972
8231;64
8232;18
8233;26
8234;121
8234;9
8236;66
8236;33
8237;66
8239;15
8240;26
8241;57
8242;55
8244;972
8245;18
8246;225
8246;18
8247;66
8248;18
8248;9
8249;26
8250;26
8251;972
8252;18
8253;32
8253;26
8254;18
8255;3
8256;36
8257;121
8257;5
8258;4
8259;18
8260;4
8262;18
8263;105
8263;33
8264;15
8264;110
8265;66
8266;26
8267;5
8268;9
8268;66
8269;150
8269;8
8269;18
8270;18
8271;26
8272;6454
8272;55
8279;1672
8279;5
8281;3
8282;15
8283;21
8283;98
8283;110
8284;334
8284;14
8284;324
8284;35
8284;33
8285;15
8285;9
8285;20
8286;159
8286;543
8286;9
8287;246
8287;14
8287;55
8287;9
8288;3
8288;19
8289;98
8289;20
8290;5
8291;44
8291;33
8292;159
8292;18
8293;35
8293;26
8294;25
8295;15
8295;44
8295;66
8297;5
8299;33
8304;121
8305;343
8306;159
8306;9
8306;33
8308;18
8309;121
8310;15
8310;18
8311;343
8312;150
8312;3
8312;19
8313;221
8313;18
8313;543
8313;4720
8314;4720
8314;562
8316;64
8316;15
8321;44
8321;60
8322;105
8322;18
8323;66
8325;15
8325;26
8328;55
8332;5
8332;19
8336;34
8336;397
8337;159
8337;137
8337;98
8337;55
8338;8
8338;98
8338;158
8339;21
8339;98
8339;15
8340;14
8343;5
8344;14
8344;15
8344;18
8344;26
8347;8346
8347;55
8347;19
8348;105
8348;15
8348;19
8349;25
8350;15
8350;19
8357;15
8357;4
8357;19
8357;33
8358;158
8358;55
8360;334
8360;5
8361;302
8362;25
8370;19
8371;15
8371;912
8371;9
8371;2035
8372;121
8372;9
8372;26
8373;246
8373;5933
8373;9
8375;34
8375;106
8375;26
8376;127
8376;1002
8391;18
8392;21
8392;26
8392;19
8392;20
8396;9
8396;204
8397;15
8397;9
8398;972
8399;5
8400;18
8402;15
8402;19
8403;385
8403;26
8404;18
8404;3
8405;688
8405;15
8406;26
8406;109
8407;9
8407;44
8408;121
8408;33
8409;15
8409;18
8410;25
8413;98
8414;98
8414;722
8415;246
8416;15
8416;19
8417;15
8417;19
8418;5
8418;26
8419;15
8419;18
8423;26
8428;15
8428;18
8429;15
8429;18
8431;57
8435;15
8435;3
8435;19
8435;20
8436;44
8436;160
8436;885
8437;34
8437;8
8437;15
8437;18
8437;19
8438;26
8439;246
8439;98
8439;15
8439;160
8439;527
8448;14
8449;26
8450;26
8450;160
8452;25
8453;159
8453;15
8454;121
8454;5
8454;3
8454;44
8454;66
8454;19
8458;14
8458;9
8459;19
8460;19
8465;137
8465;55
8465;8466
8465;66
8467;35
8467;15
8467;18
8467;44
8467;19
8468;159
8468;1012
8474;15
8474;18
8475;406
8475;44
8476;159
8476;3
8476;20
8479;18
8482;15
8483;15
8484;15
8487;15
8497;5
8497;15
8497;55
8497;1908
8498;9
8499;35
8499;109
8516;334
8519;55
8519;972
8519;2824
8523;55
8523;3
8523;19
8525;15
8527;159
8527;8528
8527;4
8527;3
8529;18
8529;3
8535;32
8535;144
8541;153
8541;748
8546;4
8546;19
8547;748
8547;26
8547;19
8550;25
8551;55
8551;3
8551;19
8552;26
8552;19
8553;3
8553;2220
8553;6322
8554;3
8554;1908
8555;741
8555;397
8555;35
8555;3
8556;106
8556;26
8556;3
8556;1012
8557;35
8557;55
8557;110
8562;18
8562;19
8563;121
8567;246
8567;26
8577;121
8577;34
8579;15
8579;26
8589;26
8591;35
8591;158
8592;3178
8592;18
8592;20
8593;61
8593;35
8594;35
8594;748
8594;19
8595;15
8596;57
8597;26
8598;159
8598;66
8600;15
8603;26
8603;20
8604;60
8604;33
8605;159
8605;26
8606;14
8606;158
8606;18
8606;9
8609;18
8610;15
8611;9
8612;15
8612;19
8613;26
8614;246
8614;26
8620;1999
8620;127
8624;19
8624;949
8629;9
8639;1043
8639;19
8639;20
8640;9
8640;2354
8640;66
8641;324
8641;26
8641;44
8643;26
8643;8647
8644;225
8644;15
8645;61
8645;160
8645;60
8646;8648
8650;158
8650;9
8652;26
8654;34
8654;26
8658;26
8659;246
8660;26
8661;35
8661;19
8662;26
8667;26
8673;5736
8674;15
8675;15
8675;33
8676;18
8679;246
8679;66
8680;26
8684;15
8688;8770
8688;35
8688;15
8688;26
8692;34
8692;26
8695;9
8696;556
8698;15
8699;3022
8700;15
8700;748
8700;26
8701;5
8701;9
8701;19
8701;20
8704;159
8704;15
8704;33
8718;5228
8733;146
8733;35
8733;15
8733;66
8734;15
8734;18
8734;8647
8734;144
8735;159
8735;8767
8735;8768
8736;106
8736;14
8736;26
8766;18
8766;66
8769;57
8769;15
